id,ano,mes,kpi,regiao_id,canal_id,categoria_id,valor_meta
1,2021,7,faturamento,,,,3347023.974
2,2021,7,faturamento,1,,,276504.3435
3,2021,7,faturamento,2,,,720936.258
4,2021,7,faturamento,3,,,367313.8875
5,2021,7,faturamento,4,,,1405611.837
6,2021,7,faturamento,5,,,576657.648
7,2021,7,faturamento,,1,,1534187.193
8,2021,7,faturamento,,2,,1155365.3055
9,2021,7,faturamento,,3,,657471.4755
10,2021,7,faturamento,,,1,2420902.0395
11,2021,7,faturamento,,,2,231530.0715
12,2021,7,faturamento,,,3,348677.1435
13,2021,7,faturamento,,,4,76931.7675
14,2021,7,faturamento,,,5,281591.961
15,2021,7,faturamento,,,6,49716.345
16,2021,7,faturamento,,,7,29781.7905
17,2021,7,faturamento,,,8,47258.3055
18,2021,7,ticket_medio,,,,2065.6891
19,2021,7,ticket_medio,,1,,2096.1368
20,2021,7,ticket_medio,,2,,2025.9113
21,2021,7,ticket_medio,,3,,2066.9468
22,2021,7,taxa_recompra,,,,0.651
23,2021,7,taxa_recompra,1,,,0.651
24,2021,7,taxa_recompra,2,,,0.651
25,2021,7,taxa_recompra,3,,,0.651
26,2021,7,taxa_recompra,4,,,0.651
27,2021,7,taxa_recompra,5,,,0.651
28,2021,7,taxa_conversao,,,,0.03
29,2021,7,taxa_conversao,,1,,0.03
30,2021,7,taxa_conversao,,2,,0.024
31,2021,7,taxa_conversao,,3,,0.13
32,2021,8,faturamento,,,,3364397.7885
33,2021,8,faturamento,1,,,283358.8065
34,2021,8,faturamento,2,,,654621.5025
35,2021,8,faturamento,3,,,380654.085
36,2021,8,faturamento,4,,,1413578.25
37,2021,8,faturamento,5,,,632185.1445
38,2021,8,faturamento,,1,,1374374.7465
39,2021,8,faturamento,,2,,1371242.1555
40,2021,8,faturamento,,3,,618780.8865
41,2021,8,faturamento,,,1,2429923.755
42,2021,8,faturamento,,,2,245286.1635
43,2021,8,faturamento,,,3,321347.7855
44,2021,8,faturamento,,,4,84868.5075
45,2021,8,faturamento,,,5,297011.5155
46,2021,8,faturamento,,,6,44424.3975
47,2021,8,faturamento,,,7,27734.1015
48,2021,8,faturamento,,,8,46646.1975
49,2021,8,ticket_medio,,,,2058.1059
50,2021,8,ticket_medio,,1,,1915.5049
51,2021,8,ticket_medio,,2,,2400.115
52,2021,8,ticket_medio,,3,,1788.9924
53,2021,8,taxa_recompra,,,,0.651
54,2021,8,taxa_recompra,1,,,0.651
55,2021,8,taxa_recompra,2,,,0.651
56,2021,8,taxa_recompra,3,,,0.651
57,2021,8,taxa_recompra,4,,,0.651
58,2021,8,taxa_recompra,5,,,0.651
59,2021,8,taxa_conversao,,,,0.03
60,2021,8,taxa_conversao,,1,,0.03
61,2021,8,taxa_conversao,,2,,0.024
62,2021,8,taxa_conversao,,3,,0.13
63,2021,9,faturamento,,,,3507114.1875
64,2021,9,faturamento,1,,,289734.48
65,2021,9,faturamento,2,,,730485.9135
66,2021,9,faturamento,3,,,432197.4825
67,2021,9,faturamento,4,,,1548257.865
68,2021,9,faturamento,5,,,506438.4465
69,2021,9,faturamento,,1,,1608021.135
70,2021,9,faturamento,,2,,1199597.8785
71,2021,9,faturamento,,3,,699495.174
72,2021,9,faturamento,,,1,2536339.1445
73,2021,9,faturamento,,,2,266892.045
74,2021,9,faturamento,,,3,342440.2695
75,2021,9,faturamento,,,4,77852.754
76,2021,9,faturamento,,,5,300109.173
77,2021,9,faturamento,,,6,55495.9545
78,2021,9,faturamento,,,7,28015.911
79,2021,9,faturamento,,,8,46949.7945
80,2021,9,ticket_medio,,,,2048.6536
81,2021,9,ticket_medio,,1,,2041.9316
82,2021,9,ticket_medio,,2,,2048.0205
83,2021,9,ticket_medio,,3,,2065.3787
84,2021,9,taxa_recompra,,,,0.651
85,2021,9,taxa_recompra,1,,,0.651
86,2021,9,taxa_recompra,2,,,0.651
87,2021,9,taxa_recompra,3,,,0.651
88,2021,9,taxa_recompra,4,,,0.651
89,2021,9,taxa_recompra,5,,,0.651
90,2021,9,taxa_conversao,,,,0.03
91,2021,9,taxa_conversao,,1,,0.03
92,2021,9,taxa_conversao,,2,,0.024
93,2021,9,taxa_conversao,,3,,0.13
94,2021,10,faturamento,,,,3873915.864
95,2021,10,faturamento,1,,,229856.3925
96,2021,10,faturamento,2,,,778728.3525
97,2021,10,faturamento,3,,,421557.6015
98,2021,10,faturamento,4,,,1726974.5535
99,2021,10,faturamento,5,,,716798.964
100,2021,10,faturamento,,1,,1688602.0935
101,2021,10,faturamento,,2,,1330984.9875
102,2021,10,faturamento,,3,,854328.783
103,2021,10,faturamento,,,1,2849872.83
104,2021,10,faturamento,,,2,257390.5215
105,2021,10,faturamento,,,3,352511.46
106,2021,10,faturamento,,,4,86211.3945
107,2021,10,faturamento,,,5,355515.1005
108,2021,10,faturamento,,,6,61460.07
109,2021,10,faturamento,,,7,26784.261
110,2021,10,faturamento,,,8,51934.1655
111,2021,10,ticket_medio,,,,2135.7733
112,2021,10,ticket_medio,,1,,2119.3234
113,2021,10,ticket_medio,,2,,2082.0561
114,2021,10,ticket_medio,,3,,2261.3607
115,2021,10,taxa_recompra,,,,0.651
116,2021,10,taxa_recompra,1,,,0.651
117,2021,10,taxa_recompra,2,,,0.651
118,2021,10,taxa_recompra,3,,,0.651
119,2021,10,taxa_recompra,4,,,0.651
120,2021,10,taxa_recompra,5,,,0.651
121,2021,10,taxa_conversao,,,,0.03
122,2021,10,taxa_conversao,,1,,0.03
123,2021,10,taxa_conversao,,2,,0.024
124,2021,10,taxa_conversao,,3,,0.13
125,2021,11,faturamento,,,,5029620.141
126,2021,11,faturamento,1,,,342925.1595
127,2021,11,faturamento,2,,,988822.4115
128,2021,11,faturamento,3,,,586574.9295
129,2021,11,faturamento,4,,,2144910.411
130,2021,11,faturamento,5,,,966387.2295
131,2021,11,faturamento,,1,,2334923.9445
132,2021,11,faturamento,,2,,1734310.7145
133,2021,11,faturamento,,3,,960385.482
134,2021,11,faturamento,,,1,3949359.5925
135,2021,11,faturamento,,,2,481835.2245
136,2021,11,faturamento,,,3,553766.031
137,2021,11,faturamento,,,4,153771.765
138,2021,11,faturamento,,,5,624134.112
139,2021,11,faturamento,,,6,92118.327
140,2021,11,faturamento,,,7,47724.5055
141,2021,11,faturamento,,,8,79340.058
142,2021,11,ticket_medio,,,,1952.0243
143,2021,11,ticket_medio,,1,,2012.6103
144,2021,11,ticket_medio,,2,,1993.7976
145,2021,11,ticket_medio,,3,,1756.9603
146,2021,11,taxa_recompra,,,,0.651
147,2021,11,taxa_recompra,1,,,0.651
148,2021,11,taxa_recompra,2,,,0.651
149,2021,11,taxa_recompra,3,,,0.651
150,2021,11,taxa_recompra,4,,,0.651
151,2021,11,taxa_recompra,5,,,0.651
152,2021,11,taxa_conversao,,,,0.03
153,2021,11,taxa_conversao,,1,,0.03
154,2021,11,taxa_conversao,,2,,0.024
155,2021,11,taxa_conversao,,3,,0.13
156,2021,12,faturamento,,,,5454330.1785
157,2021,12,faturamento,1,,,433710.06
158,2021,12,faturamento,2,,,953404.305
159,2021,12,faturamento,3,,,498296.799
160,2021,12,faturamento,4,,,2524354.4235
161,2021,12,faturamento,5,,,1044564.591
162,2021,12,faturamento,,1,,2421226.374
163,2021,12,faturamento,,2,,2049641.622
164,2021,12,faturamento,,3,,983462.1825
165,2021,12,faturamento,,,1,3879538.5195
166,2021,12,faturamento,,,2,400951.635
167,2021,12,faturamento,,,3,465685.9095
168,2021,12,faturamento,,,4,138713.9145
169,2021,12,faturamento,,,5,570744.321
170,2021,12,faturamento,,,6,96625.2945
171,2021,12,faturamento,,,7,49125.195
172,2021,12,faturamento,,,8,75198.858
173,2021,12,ticket_medio,,,,2322.8813
174,2021,12,ticket_medio,,1,,2338.0204
175,2021,12,ticket_medio,,2,,2440.0495
176,2021,12,ticket_medio,,3,,2081.4014
177,2021,12,taxa_recompra,,,,0.651
178,2021,12,taxa_recompra,1,,,0.651
179,2021,12,taxa_recompra,2,,,0.651
180,2021,12,taxa_recompra,3,,,0.651
181,2021,12,taxa_recompra,4,,,0.651
182,2021,12,taxa_recompra,5,,,0.651
183,2021,12,taxa_conversao,,,,0.03
184,2021,12,taxa_conversao,,1,,0.03
185,2021,12,taxa_conversao,,2,,0.024
186,2021,12,taxa_conversao,,3,,0.13
187,2022,1,faturamento,,,,3135717.753
188,2022,1,faturamento,1,,,202315.6485
189,2022,1,faturamento,2,,,654575.4075
190,2022,1,faturamento,3,,,323499.8865
191,2022,1,faturamento,4,,,1398842.886
192,2022,1,faturamento,5,,,556483.9245
193,2022,1,faturamento,,1,,1492080.9855
194,2022,1,faturamento,,2,,1097279.946
195,2022,1,faturamento,,3,,546356.8215
196,2022,1,faturamento,,,1,2177919.0615
197,2022,1,faturamento,,,2,227774.7885
198,2022,1,faturamento,,,3,343839.993
199,2022,1,faturamento,,,4,78648.1815
200,2022,1,faturamento,,,5,326787.132
201,2022,1,faturamento,,,6,42121.527
202,2022,1,faturamento,,,7,18975.5475
203,2022,1,faturamento,,,8,41651.0745
204,2022,1,ticket_medio,,,,2063.7709
205,2022,1,ticket_medio,,1,,2137.832
206,2022,1,ticket_medio,,2,,2011.187
207,2022,1,ticket_medio,,3,,1980.3979
208,2022,1,taxa_recompra,,,,0.651
209,2022,1,taxa_recompra,1,,,0.651
210,2022,1,taxa_recompra,2,,,0.651
211,2022,1,taxa_recompra,3,,,0.651
212,2022,1,taxa_recompra,4,,,0.651
213,2022,1,taxa_recompra,5,,,0.651
214,2022,1,taxa_conversao,,,,0.03
215,2022,1,taxa_conversao,,1,,0.03
216,2022,1,taxa_conversao,,2,,0.024
217,2022,1,taxa_conversao,,3,,0.13
218,2022,2,faturamento,,,,2668013.0085
219,2022,2,faturamento,1,,,216772.815
220,2022,2,faturamento,2,,,476342.58
221,2022,2,faturamento,3,,,242227.713
222,2022,2,faturamento,4,,,1242278.7615
223,2022,2,faturamento,5,,,490391.139
224,2022,2,faturamento,,1,,1266139.7175
225,2022,2,faturamento,,2,,977371.3845
226,2022,2,faturamento,,3,,424501.9065
227,2022,2,faturamento,,,1,1884680.784
228,2022,2,faturamento,,,2,215805.807
229,2022,2,faturamento,,,3,292818.3615
230,2022,2,faturamento,,,4,64913.373
231,2022,2,faturamento,,,5,225505.875
232,2022,2,faturamento,,,6,45668.9205
233,2022,2,faturamento,,,7,20104.5915
234,2022,2,faturamento,,,8,30122.6415
235,2022,2,ticket_medio,,,,1874.0304
236,2022,2,ticket_medio,,1,,1940.0068
237,2022,2,ticket_medio,,2,,1887.5676
238,2022,2,ticket_medio,,3,,1676.3141
239,2022,2,taxa_recompra,,,,0.651
240,2022,2,taxa_recompra,1,,,0.651
241,2022,2,taxa_recompra,2,,,0.651
242,2022,2,taxa_recompra,3,,,0.651
243,2022,2,taxa_recompra,4,,,0.651
244,2022,2,taxa_recompra,5,,,0.651
245,2022,2,taxa_conversao,,,,0.03
246,2022,2,taxa_conversao,,1,,0.03
247,2022,2,taxa_conversao,,2,,0.024
248,2022,2,taxa_conversao,,3,,0.13
249,2022,3,faturamento,,,,3573244.1115
250,2022,3,faturamento,1,,,262304.217
251,2022,3,faturamento,2,,,753720.9015
252,2022,3,faturamento,3,,,368825.142
253,2022,3,faturamento,4,,,1567412.364
254,2022,3,faturamento,5,,,620981.487
255,2022,3,faturamento,,1,,1690928.82
256,2022,3,faturamento,,2,,1253563.416
257,2022,3,faturamento,,3,,628751.8755
258,2022,3,faturamento,,,1,2607633.1365
259,2022,3,faturamento,,,2,242112.3915
260,2022,3,faturamento,,,3,333847.29
261,2022,3,faturamento,,,4,86088.765
262,2022,3,faturamento,,,5,310550.6985
263,2022,3,faturamento,,,6,58514.316
264,2022,3,faturamento,,,7,26901.063
265,2022,3,faturamento,,,8,45973.5885
266,2022,3,ticket_medio,,,,2107.5601
267,2022,3,ticket_medio,,1,,2076.6328
268,2022,3,ticket_medio,,2,,2140.1535
269,2022,3,ticket_medio,,3,,2128.1796
270,2022,3,taxa_recompra,,,,0.651
271,2022,3,taxa_recompra,1,,,0.651
272,2022,3,taxa_recompra,2,,,0.651
273,2022,3,taxa_recompra,3,,,0.651
274,2022,3,taxa_recompra,4,,,0.651
275,2022,3,taxa_recompra,5,,,0.651
276,2022,3,taxa_conversao,,,,0.03
277,2022,3,taxa_conversao,,1,,0.03
278,2022,3,taxa_conversao,,2,,0.024
279,2022,3,taxa_conversao,,3,,0.13
280,2022,4,faturamento,,,,3338202.0315
281,2022,4,faturamento,1,,,241683.1515
282,2022,4,faturamento,2,,,692884.353
283,2022,4,faturamento,3,,,298257.8865
284,2022,4,faturamento,4,,,1469288.499
285,2022,4,faturamento,5,,,636088.1415
286,2022,4,faturamento,,1,,1374805.425
287,2022,4,faturamento,,2,,1322613.81
288,2022,4,faturamento,,3,,640782.7965
289,2022,4,faturamento,,,1,2391319.077
290,2022,4,faturamento,,,2,237168.5085
291,2022,4,faturamento,,,3,319334.631
292,2022,4,faturamento,,,4,77412.972
293,2022,4,faturamento,,,5,338226.693
294,2022,4,faturamento,,,6,52049.424
295,2022,4,faturamento,,,7,24816.141
296,2022,4,faturamento,,,8,34283.2035
297,2022,4,ticket_medio,,,,2005.4575
298,2022,4,ticket_medio,,1,,1807.206
299,2022,4,ticket_medio,,2,,2222.8804
300,2022,4,ticket_medio,,3,,2074.9157
301,2022,4,taxa_recompra,,,,0.651
302,2022,4,taxa_recompra,1,,,0.651
303,2022,4,taxa_recompra,2,,,0.651
304,2022,4,taxa_recompra,3,,,0.651
305,2022,4,taxa_recompra,4,,,0.651
306,2022,4,taxa_recompra,5,,,0.651
307,2022,4,taxa_conversao,,,,0.03
308,2022,4,taxa_conversao,,1,,0.03
309,2022,4,taxa_conversao,,2,,0.024
310,2022,4,taxa_conversao,,3,,0.13
311,2022,5,faturamento,,,,3955289.0475
312,2022,5,faturamento,1,,,284015.8125
313,2022,5,faturamento,2,,,731915.919
314,2022,5,faturamento,3,,,441172.8195
315,2022,5,faturamento,4,,,1796348.589
316,2022,5,faturamento,5,,,701835.9075
317,2022,5,faturamento,,1,,1767497.634
318,2022,5,faturamento,,2,,1425437.664
319,2022,5,faturamento,,3,,762353.7495
320,2022,5,faturamento,,,1,2836391.2185
321,2022,5,faturamento,,,2,280695.618
322,2022,5,faturamento,,,3,415482.2175
323,2022,5,faturamento,,,4,100613.646
324,2022,5,faturamento,,,5,348031.3095
325,2022,5,faturamento,,,6,59426.3145
326,2022,5,faturamento,,,7,29952.762
327,2022,5,faturamento,,,8,44413.131
328,2022,5,ticket_medio,,,,2056.8955
329,2022,5,ticket_medio,,1,,2048.9233
330,2022,5,ticket_medio,,2,,1992.3897
331,2022,5,ticket_medio,,3,,2210.6633
332,2022,5,taxa_recompra,,,,0.651
333,2022,5,taxa_recompra,1,,,0.651
334,2022,5,taxa_recompra,2,,,0.651
335,2022,5,taxa_recompra,3,,,0.651
336,2022,5,taxa_recompra,4,,,0.651
337,2022,5,taxa_recompra,5,,,0.651
338,2022,5,taxa_conversao,,,,0.03
339,2022,5,taxa_conversao,,1,,0.03
340,2022,5,taxa_conversao,,2,,0.024
341,2022,5,taxa_conversao,,3,,0.13
342,2022,6,faturamento,,,,3348203.9325
343,2022,6,faturamento,1,,,268968.8295
344,2022,6,faturamento,2,,,714809.97
345,2022,6,faturamento,3,,,368331.327
346,2022,6,faturamento,4,,,1468571.6115
347,2022,6,faturamento,5,,,527522.1945
348,2022,6,faturamento,,1,,1758782.928
349,2022,6,faturamento,,2,,971447.4105
350,2022,6,faturamento,,3,,617973.594
351,2022,6,faturamento,,,1,2342533.536
352,2022,6,faturamento,,,2,277484.361
353,2022,6,faturamento,,,3,303700.8345
354,2022,6,faturamento,,,4,81323.7705
355,2022,6,faturamento,,,5,361834.4835
356,2022,6,faturamento,,,6,52497.4905
357,2022,6,faturamento,,,7,25054.113
358,2022,6,faturamento,,,8,39022.515
359,2022,6,ticket_medio,,,,1960.5431
360,2022,6,ticket_medio,,1,,2096.3583
361,2022,6,ticket_medio,,2,,1694.2402
362,2022,6,ticket_medio,,3,,2091.6976
363,2022,6,taxa_recompra,,,,0.651
364,2022,6,taxa_recompra,1,,,0.651
365,2022,6,taxa_recompra,2,,,0.651
366,2022,6,taxa_recompra,3,,,0.651
367,2022,6,taxa_recompra,4,,,0.651
368,2022,6,taxa_recompra,5,,,0.651
369,2022,6,taxa_conversao,,,,0.03
370,2022,6,taxa_conversao,,1,,0.03
371,2022,6,taxa_conversao,,2,,0.024
372,2022,6,taxa_conversao,,3,,0.13
373,2022,7,faturamento,,,,3442653.2304
374,2022,7,faturamento,1,,,284404.4676
375,2022,7,faturamento,2,,,741534.4368
376,2022,7,faturamento,3,,,377808.57
377,2022,7,faturamento,4,,,1445772.1752
378,2022,7,faturamento,5,,,593133.5808
379,2022,7,faturamento,,1,,1578021.1128
380,2022,7,faturamento,,2,,1188375.7428
381,2022,7,faturamento,,3,,676256.3748
382,2022,7,faturamento,,,1,2490070.6692
383,2022,7,faturamento,,,2,238145.2164
384,2022,7,faturamento,,,3,358639.3476
385,2022,7,faturamento,,,4,79129.818
386,2022,7,faturamento,,,5,289637.4456
387,2022,7,faturamento,,,6,51136.812
388,2022,7,faturamento,,,7,30632.6988
389,2022,7,faturamento,,,8,48608.5428
390,2022,7,ticket_medio,,,,2085.941
391,2022,7,ticket_medio,,1,,2116.6872
392,2022,7,ticket_medio,,2,,2045.7732
393,2022,7,ticket_medio,,3,,2087.211
394,2022,7,taxa_recompra,,,,0.6638
395,2022,7,taxa_recompra,1,,,0.6285
396,2022,7,taxa_recompra,2,,,0.699
397,2022,7,taxa_recompra,3,,,0.6485
398,2022,7,taxa_recompra,4,,,0.6641
399,2022,7,taxa_recompra,5,,,0.6479
400,2022,7,taxa_conversao,,,,0.03
401,2022,7,taxa_conversao,,1,,0.03
402,2022,7,taxa_conversao,,2,,0.024
403,2022,7,taxa_conversao,,3,,0.13
404,2022,8,faturamento,,,,3460523.4396
405,2022,8,faturamento,1,,,291454.7724
406,2022,8,faturamento,2,,,673324.974
407,2022,8,faturamento,3,,,391529.916
408,2022,8,faturamento,4,,,1453966.2
409,2022,8,faturamento,5,,,650247.5772
410,2022,8,faturamento,,1,,1413642.5964
411,2022,8,faturamento,,2,,1410420.5028
412,2022,8,faturamento,,3,,636460.3404
413,2022,8,faturamento,,,1,2499350.148
414,2022,8,faturamento,,,2,252294.3396
415,2022,8,faturamento,,,3,330529.1508
416,2022,8,faturamento,,,4,87293.322
417,2022,8,faturamento,,,5,305497.5588
418,2022,8,faturamento,,,6,45693.666
419,2022,8,faturamento,,,7,28526.5044
420,2022,8,faturamento,,,8,47978.946
421,2022,8,ticket_medio,,,,2078.2834
422,2022,8,ticket_medio,,1,,1934.2843
423,2022,8,ticket_medio,,2,,2423.6455
424,2022,8,ticket_medio,,3,,1806.5315
425,2022,8,taxa_recompra,,,,0.6517
426,2022,8,taxa_recompra,1,,,0.6479
427,2022,8,taxa_recompra,2,,,0.6574
428,2022,8,taxa_recompra,3,,,0.647
429,2022,8,taxa_recompra,4,,,0.6711
430,2022,8,taxa_recompra,5,,,0.6059
431,2022,8,taxa_conversao,,,,0.03
432,2022,8,taxa_conversao,,1,,0.03
433,2022,8,taxa_conversao,,2,,0.024
434,2022,8,taxa_conversao,,3,,0.13
435,2022,9,faturamento,,,,3607317.45
436,2022,9,faturamento,1,,,298012.608
437,2022,9,faturamento,2,,,751356.9396
438,2022,9,faturamento,3,,,444545.982
439,2022,9,faturamento,4,,,1592493.804
440,2022,9,faturamento,5,,,520908.1164
441,2022,9,faturamento,,1,,1653964.596
442,2022,9,faturamento,,2,,1233872.1036
443,2022,9,faturamento,,3,,719480.7504
444,2022,9,faturamento,,,1,2608805.9772
445,2022,9,faturamento,,,2,274517.532
446,2022,9,faturamento,,,3,352224.2772
447,2022,9,faturamento,,,4,80077.1184
448,2022,9,faturamento,,,5,308683.7208
449,2022,9,faturamento,,,6,57081.5532
450,2022,9,faturamento,,,7,28816.3656
451,2022,9,faturamento,,,8,48291.2172
452,2022,9,ticket_medio,,,,2068.7384
453,2022,9,ticket_medio,,1,,2061.9505
454,2022,9,ticket_medio,,2,,2068.0991
455,2022,9,ticket_medio,,3,,2085.6275
456,2022,9,taxa_recompra,,,,0.6756
457,2022,9,taxa_recompra,1,,,0.609
458,2022,9,taxa_recompra,2,,,0.6832
459,2022,9,taxa_recompra,3,,,0.6646
460,2022,9,taxa_recompra,4,,,0.6737
461,2022,9,taxa_recompra,5,,,0.7115
462,2022,9,taxa_conversao,,,,0.03
463,2022,9,taxa_conversao,,1,,0.03
464,2022,9,taxa_conversao,,2,,0.024
465,2022,9,taxa_conversao,,3,,0.13
466,2022,10,faturamento,,,,3984599.1744
467,2022,10,faturamento,1,,,236423.718
468,2022,10,faturamento,2,,,800977.734
469,2022,10,faturamento,3,,,433602.1044
470,2022,10,faturamento,4,,,1776316.6836
471,2022,10,faturamento,5,,,737278.9344
472,2022,10,faturamento,,1,,1736847.8676
473,2022,10,faturamento,,2,,1369013.13
474,2022,10,faturamento,,3,,878738.1768
475,2022,10,faturamento,,,1,2931297.768
476,2022,10,faturamento,,,2,264744.5364
477,2022,10,faturamento,,,3,362583.216
478,2022,10,faturamento,,,4,88674.5772
479,2022,10,faturamento,,,5,365672.6748
480,2022,10,faturamento,,,6,63216.072
481,2022,10,faturamento,,,7,27549.5256
482,2022,10,faturamento,,,8,53417.9988
483,2022,10,ticket_medio,,,,2156.7123
484,2022,10,ticket_medio,,1,,2140.1011
485,2022,10,ticket_medio,,2,,2102.4684
486,2022,10,ticket_medio,,3,,2283.5309
487,2022,10,taxa_recompra,,,,0.6546
488,2022,10,taxa_recompra,1,,,0.6125
489,2022,10,taxa_recompra,2,,,0.6643
490,2022,10,taxa_recompra,3,,,0.6906
491,2022,10,taxa_recompra,4,,,0.6445
492,2022,10,taxa_recompra,5,,,0.6682
493,2022,10,taxa_conversao,,,,0.03
494,2022,10,taxa_conversao,,1,,0.03
495,2022,10,taxa_conversao,,2,,0.024
496,2022,10,taxa_conversao,,3,,0.13
497,2022,11,faturamento,,,,5173323.5736
498,2022,11,faturamento,1,,,352723.0212
499,2022,11,faturamento,2,,,1017074.4804
500,2022,11,faturamento,3,,,603334.2132
501,2022,11,faturamento,4,,,2206193.5656
502,2022,11,faturamento,5,,,993998.2932
503,2022,11,faturamento,,1,,2401636.0572
504,2022,11,faturamento,,2,,1783862.4492
505,2022,11,faturamento,,3,,987825.0672
506,2022,11,faturamento,,,1,4062198.438
507,2022,11,faturamento,,,2,495601.9452
508,2022,11,faturamento,,,3,569587.9176
509,2022,11,faturamento,,,4,158165.244
510,2022,11,faturamento,,,5,641966.5152
511,2022,11,faturamento,,,6,94750.2792
512,2022,11,faturamento,,,7,49088.0628
513,2022,11,faturamento,,,8,81606.9168
514,2022,11,ticket_medio,,,,1971.1617
515,2022,11,ticket_medio,,1,,2032.3418
516,2022,11,ticket_medio,,2,,2013.3446
517,2022,11,ticket_medio,,3,,1774.1854
518,2022,11,taxa_recompra,,,,0.6314
519,2022,11,taxa_recompra,1,,,0.631
520,2022,11,taxa_recompra,2,,,0.641
521,2022,11,taxa_recompra,3,,,0.5846
522,2022,11,taxa_recompra,4,,,0.6396
523,2022,11,taxa_recompra,5,,,0.6279
524,2022,11,taxa_conversao,,,,0.03
525,2022,11,taxa_conversao,,1,,0.03
526,2022,11,taxa_conversao,,2,,0.024
527,2022,11,taxa_conversao,,3,,0.13
528,2022,12,faturamento,,,,5610168.1836
529,2022,12,faturamento,1,,,446101.776
530,2022,12,faturamento,2,,,980644.428
531,2022,12,faturamento,3,,,512533.8504
532,2022,12,faturamento,4,,,2596478.8356
533,2022,12,faturamento,5,,,1074409.2936
534,2022,12,faturamento,,1,,2490404.2704
535,2022,12,faturamento,,2,,2108202.8112
536,2022,12,faturamento,,3,,1011561.102
537,2022,12,faturamento,,,1,3990382.4772
538,2022,12,faturamento,,,2,412407.396
539,2022,12,faturamento,,,3,478991.2212
540,2022,12,faturamento,,,4,142677.1692
541,2022,12,faturamento,,,5,587051.3016
542,2022,12,faturamento,,,6,99386.0172
543,2022,12,faturamento,,,7,50528.772
544,2022,12,faturamento,,,8,77347.3968
545,2022,12,ticket_medio,,,,2345.6546
546,2022,12,ticket_medio,,1,,2360.9421
547,2022,12,ticket_medio,,2,,2463.9716
548,2022,12,ticket_medio,,3,,2101.8073
549,2022,12,taxa_recompra,,,,0.6374
550,2022,12,taxa_recompra,1,,,0.6289
551,2022,12,taxa_recompra,2,,,0.6517
552,2022,12,taxa_recompra,3,,,0.652
553,2022,12,taxa_recompra,4,,,0.6255
554,2022,12,taxa_recompra,5,,,0.6475
555,2022,12,taxa_conversao,,,,0.03
556,2022,12,taxa_conversao,,1,,0.03
557,2022,12,taxa_conversao,,2,,0.024
558,2022,12,taxa_conversao,,3,,0.13
559,2023,1,faturamento,,,,3225309.6888
560,2023,1,faturamento,1,,,208096.0956
561,2023,1,faturamento,2,,,673277.562
562,2023,1,faturamento,3,,,332742.7404
563,2023,1,faturamento,4,,,1438809.8256
564,2023,1,faturamento,5,,,572383.4652
565,2023,1,faturamento,,1,,1534711.8708
566,2023,1,faturamento,,2,,1128630.8016
567,2023,1,faturamento,,3,,561967.0164
568,2023,1,faturamento,,,1,2240145.3204
569,2023,1,faturamento,,,2,234282.6396
570,2023,1,faturamento,,,3,353663.9928
571,2023,1,faturamento,,,4,80895.2724
572,2023,1,faturamento,,,5,336123.9072
573,2023,1,faturamento,,,6,43324.9992
574,2023,1,faturamento,,,7,19517.706
575,2023,1,faturamento,,,8,42841.1052
576,2023,1,ticket_medio,,,,2084.0039
577,2023,1,ticket_medio,,1,,2158.7911
578,2023,1,ticket_medio,,2,,2030.9045
579,2023,1,ticket_medio,,3,,1999.8135
580,2023,1,taxa_recompra,,,,0.6529
581,2023,1,taxa_recompra,1,,,0.669
582,2023,1,taxa_recompra,2,,,0.6702
583,2023,1,taxa_recompra,3,,,0.6382
584,2023,1,taxa_recompra,4,,,0.6341
585,2023,1,taxa_recompra,5,,,0.6816
586,2023,1,taxa_conversao,,,,0.03
587,2023,1,taxa_conversao,,1,,0.03
588,2023,1,taxa_conversao,,2,,0.024
589,2023,1,taxa_conversao,,3,,0.13
590,2023,2,faturamento,,,,2744241.9516
591,2023,2,faturamento,1,,,222966.324
592,2023,2,faturamento,2,,,489952.368
593,2023,2,faturamento,3,,,249148.5048
594,2023,2,faturamento,4,,,1277772.4404
595,2023,2,faturamento,5,,,504402.3144
596,2023,2,faturamento,,1,,1302315.138
597,2023,2,faturamento,,2,,1005296.2812
598,2023,2,faturamento,,3,,436630.5324
599,2023,2,faturamento,,,1,1938528.8064
600,2023,2,faturamento,,,2,221971.6872
601,2023,2,faturamento,,,3,301184.6004
602,2023,2,faturamento,,,4,66768.0408
603,2023,2,faturamento,,,5,231948.9
604,2023,2,faturamento,,,6,46973.7468
605,2023,2,faturamento,,,7,20679.0084
606,2023,2,faturamento,,,8,30983.2884
607,2023,2,ticket_medio,,,,1892.4033
608,2023,2,ticket_medio,,1,,1959.0265
609,2023,2,ticket_medio,,2,,1906.0731
610,2023,2,ticket_medio,,3,,1692.7486
611,2023,2,taxa_recompra,,,,0.6622
612,2023,2,taxa_recompra,1,,,0.6351
613,2023,2,taxa_recompra,2,,,0.6397
614,2023,2,taxa_recompra,3,,,0.6357
615,2023,2,taxa_recompra,4,,,0.6867
616,2023,2,taxa_recompra,5,,,0.6548
617,2023,2,taxa_conversao,,,,0.03
618,2023,2,taxa_conversao,,1,,0.03
619,2023,2,taxa_conversao,,2,,0.024
620,2023,2,taxa_conversao,,3,,0.13
621,2023,3,faturamento,,,,3675336.8004
622,2023,3,faturamento,1,,,269798.6232
623,2023,3,faturamento,2,,,775255.7844
624,2023,3,faturamento,3,,,379363.0032
625,2023,3,faturamento,4,,,1612195.5744
626,2023,3,faturamento,5,,,638723.8152
627,2023,3,faturamento,,1,,1739241.072
628,2023,3,faturamento,,2,,1289379.5136
629,2023,3,faturamento,,3,,646716.2148
630,2023,3,faturamento,,,1,2682136.9404
631,2023,3,faturamento,,,2,249029.8884
632,2023,3,faturamento,,,3,343385.784
633,2023,3,faturamento,,,4,88548.444
634,2023,3,faturamento,,,5,319423.5756
635,2023,3,faturamento,,,6,60186.1536
636,2023,3,faturamento,,,7,27669.6648
637,2023,3,faturamento,,,8,47287.1196
638,2023,3,ticket_medio,,,,2128.2224
639,2023,3,ticket_medio,,1,,2096.992
640,2023,3,ticket_medio,,2,,2161.1354
641,2023,3,ticket_medio,,3,,2149.0441
642,2023,3,taxa_recompra,,,,0.6392
643,2023,3,taxa_recompra,1,,,0.6554
644,2023,3,taxa_recompra,2,,,0.6587
645,2023,3,taxa_recompra,3,,,0.5914
646,2023,3,taxa_recompra,4,,,0.6378
647,2023,3,taxa_recompra,5,,,0.6382
648,2023,3,taxa_conversao,,,,0.03
649,2023,3,taxa_conversao,,1,,0.03
650,2023,3,taxa_conversao,,2,,0.024
651,2023,3,taxa_conversao,,3,,0.13
652,2023,4,faturamento,,,,3433579.2324
653,2023,4,faturamento,1,,,248588.3844
654,2023,4,faturamento,2,,,712681.0488
655,2023,4,faturamento,3,,,306779.5404
656,2023,4,faturamento,4,,,1511268.1704
657,2023,4,faturamento,5,,,654262.0884
658,2023,4,faturamento,,1,,1414085.58
659,2023,4,faturamento,,2,,1360402.776
660,2023,4,faturamento,,3,,659090.8764
661,2023,4,faturamento,,,1,2459642.4792
662,2023,4,faturamento,,,2,243944.7516
663,2023,4,faturamento,,,3,328458.4776
664,2023,4,faturamento,,,4,79624.7712
665,2023,4,faturamento,,,5,347890.3128
666,2023,4,faturamento,,,6,53536.5504
667,2023,4,faturamento,,,7,25525.1736
668,2023,4,faturamento,,,8,35262.7236
669,2023,4,ticket_medio,,,,2025.1189
670,2023,4,ticket_medio,,1,,1824.9238
671,2023,4,ticket_medio,,2,,2244.6733
672,2023,4,ticket_medio,,3,,2095.258
673,2023,4,taxa_recompra,,,,0.6764
674,2023,4,taxa_recompra,1,,,0.6734
675,2023,4,taxa_recompra,2,,,0.6741
676,2023,4,taxa_recompra,3,,,0.6825
677,2023,4,taxa_recompra,4,,,0.6737
678,2023,4,taxa_recompra,5,,,0.6835
679,2023,4,taxa_conversao,,,,0.03
680,2023,4,taxa_conversao,,1,,0.03
681,2023,4,taxa_conversao,,2,,0.024
682,2023,4,taxa_conversao,,3,,0.13
683,2023,5,faturamento,,,,4068297.306
684,2023,5,faturamento,1,,,292130.55
685,2023,5,faturamento,2,,,752827.8024
686,2023,5,faturamento,3,,,453777.7572
687,2023,5,faturamento,4,,,1847672.8344
688,2023,5,faturamento,5,,,721888.362
689,2023,5,faturamento,,1,,1817997.5664
690,2023,5,faturamento,,2,,1466164.4544
691,2023,5,faturamento,,3,,784135.2852
692,2023,5,faturamento,,,1,2917430.9676
693,2023,5,faturamento,,,2,288715.4928
694,2023,5,faturamento,,,3,427353.138
695,2023,5,faturamento,,,4,103488.3216
696,2023,5,faturamento,,,5,357975.0612
697,2023,5,faturamento,,,6,61124.2092
698,2023,5,faturamento,,,7,30808.5552
699,2023,5,faturamento,,,8,45682.0776
700,2023,5,ticket_medio,,,,2077.0611
701,2023,5,ticket_medio,,1,,2069.0108
702,2023,5,ticket_medio,,2,,2011.923
703,2023,5,ticket_medio,,3,,2232.3365
704,2023,5,taxa_recompra,,,,0.6451
705,2023,5,taxa_recompra,1,,,0.6417
706,2023,5,taxa_recompra,2,,,0.6437
707,2023,5,taxa_recompra,3,,,0.6696
708,2023,5,taxa_recompra,4,,,0.635
709,2023,5,taxa_recompra,5,,,0.6607
710,2023,5,taxa_conversao,,,,0.03
711,2023,5,taxa_conversao,,1,,0.03
712,2023,5,taxa_conversao,,2,,0.024
713,2023,5,taxa_conversao,,3,,0.13
714,2023,6,faturamento,,,,3443866.902
715,2023,6,faturamento,1,,,276653.6532
716,2023,6,faturamento,2,,,735233.112
717,2023,6,faturamento,3,,,378855.0792
718,2023,6,faturamento,4,,,1510530.8004
719,2023,6,faturamento,5,,,542594.2572
720,2023,6,faturamento,,1,,1809033.8688
721,2023,6,faturamento,,2,,999203.0508
722,2023,6,faturamento,,3,,635629.9824
723,2023,6,faturamento,,,1,2409463.0656
724,2023,6,faturamento,,,2,285412.4856
725,2023,6,faturamento,,,3,312378.0012
726,2023,6,faturamento,,,4,83647.3068
727,2023,6,faturamento,,,5,372172.6116
728,2023,6,faturamento,,,6,53997.4188
729,2023,6,faturamento,,,7,25769.9448
730,2023,6,faturamento,,,8,40137.444
731,2023,6,ticket_medio,,,,1979.7641
732,2023,6,ticket_medio,,1,,2116.9108
733,2023,6,ticket_medio,,2,,1710.8504
734,2023,6,ticket_medio,,3,,2112.2044
735,2023,6,taxa_recompra,,,,0.6442
736,2023,6,taxa_recompra,1,,,0.651
737,2023,6,taxa_recompra,2,,,0.7
738,2023,6,taxa_recompra,3,,,0.6605
739,2023,6,taxa_recompra,4,,,0.6154
740,2023,6,taxa_recompra,5,,,0.6432
741,2023,6,taxa_conversao,,,,0.03
742,2023,6,taxa_conversao,,1,,0.03
743,2023,6,taxa_conversao,,2,,0.024
744,2023,6,taxa_conversao,,3,,0.13
745,2023,7,faturamento,,,,3558833.442
746,2023,7,faturamento,1,,,246227.958
747,2023,7,faturamento,2,,,718284.5856
748,2023,7,faturamento,3,,,356631.282
749,2023,7,faturamento,4,,,1609719.804
750,2023,7,faturamento,5,,,627969.8124
751,2023,7,faturamento,,1,,1657707.8652
752,2023,7,faturamento,,2,,1343155.8024
753,2023,7,faturamento,,3,,557969.7744
754,2023,7,faturamento,,,1,2429185.3452
755,2023,7,faturamento,,,2,285641.424
756,2023,7,faturamento,,,3,361491.7248
757,2023,7,faturamento,,,4,91930.7232
758,2023,7,faturamento,,,5,406937.8656
759,2023,7,faturamento,,,6,52999.6824
760,2023,7,faturamento,,,7,28247.9832
761,2023,7,faturamento,,,8,46074.6684
762,2023,7,ticket_medio,,,,2040.9336
763,2023,7,ticket_medio,,1,,2077.4798
764,2023,7,ticket_medio,,2,,2163.8052
765,2023,7,ticket_medio,,3,,1716.5737
766,2023,7,taxa_recompra,,,,0.6391
767,2023,7,taxa_recompra,1,,,0.7073
768,2023,7,taxa_recompra,2,,,0.6341
769,2023,7,taxa_recompra,3,,,0.6475
770,2023,7,taxa_recompra,4,,,0.6232
771,2023,7,taxa_recompra,5,,,0.6473
772,2023,7,taxa_conversao,,,,0.03
773,2023,7,taxa_conversao,,1,,0.03
774,2023,7,taxa_conversao,,2,,0.024
775,2023,7,taxa_conversao,,3,,0.13
776,2023,8,faturamento,,,,3725203.2408
777,2023,8,faturamento,1,,,328329.1368
778,2023,8,faturamento,2,,,757582.146
779,2023,8,faturamento,3,,,386020.9332
780,2023,8,faturamento,4,,,1626597.4608
781,2023,8,faturamento,5,,,626673.564
782,2023,8,faturamento,,1,,1749617.5608
783,2023,8,faturamento,,2,,1401540.2244
784,2023,8,faturamento,,3,,574045.4556
785,2023,8,faturamento,,,1,2613743.9208
786,2023,8,faturamento,,,2,243268.0236
787,2023,8,faturamento,,,3,395333.568
788,2023,8,faturamento,,,4,88268.5836
789,2023,8,faturamento,,,5,402396.9084
790,2023,8,faturamento,,,6,53383.3092
791,2023,8,faturamento,,,7,29675.3112
792,2023,8,faturamento,,,8,45427.1436
793,2023,8,ticket_medio,,,,2071.5686
794,2023,8,ticket_medio,,1,,2109.5028
795,2023,8,ticket_medio,,2,,2128.4301
796,2023,8,ticket_medio,,3,,1849.5584
797,2023,8,taxa_recompra,,,,0.6617
798,2023,8,taxa_recompra,1,,,0.6355
799,2023,8,taxa_recompra,2,,,0.6596
800,2023,8,taxa_recompra,3,,,0.6677
801,2023,8,taxa_recompra,4,,,0.674
802,2023,8,taxa_recompra,5,,,0.6432
803,2023,8,taxa_conversao,,,,0.03
804,2023,8,taxa_conversao,,1,,0.03
805,2023,8,taxa_conversao,,2,,0.024
806,2023,8,taxa_conversao,,3,,0.13
807,2023,9,faturamento,,,,3767536.5948
808,2023,9,faturamento,1,,,320326.92
809,2023,9,faturamento,2,,,661285.8252
810,2023,9,faturamento,3,,,342851.9184
811,2023,9,faturamento,4,,,1756782.5508
812,2023,9,faturamento,5,,,686289.3804
813,2023,9,faturamento,,1,,1774180.9296
814,2023,9,faturamento,,2,,1377426.0384
815,2023,9,faturamento,,3,,615929.6268
816,2023,9,faturamento,,,1,2697955.4628
817,2023,9,faturamento,,,2,255310.4664
818,2023,9,faturamento,,,3,325863.0864
819,2023,9,faturamento,,,4,93503.5056
820,2023,9,faturamento,,,5,407709.7956
821,2023,9,faturamento,,,6,60343.2396
822,2023,9,faturamento,,,7,27710.6292
823,2023,9,faturamento,,,8,52808.9976
824,2023,9,ticket_medio,,,,2028.8614
825,2023,9,ticket_medio,,1,,2096.7075
826,2023,9,ticket_medio,,2,,1996.4382
827,2023,9,ticket_medio,,3,,1919.6548
828,2023,9,taxa_recompra,,,,0.6323
829,2023,9,taxa_recompra,1,,,0.6355
830,2023,9,taxa_recompra,2,,,0.6475
831,2023,9,taxa_recompra,3,,,0.65
832,2023,9,taxa_recompra,4,,,0.6257
833,2023,9,taxa_recompra,5,,,0.6221
834,2023,9,taxa_conversao,,,,0.03
835,2023,9,taxa_conversao,,1,,0.03
836,2023,9,taxa_conversao,,2,,0.024
837,2023,9,taxa_conversao,,3,,0.13
838,2023,10,faturamento,,,,4005728.3916
839,2023,10,faturamento,1,,,342998.4636
840,2023,10,faturamento,2,,,801363.7584
841,2023,10,faturamento,3,,,410685.2496
842,2023,10,faturamento,4,,,1749063.294
843,2023,10,faturamento,5,,,701617.626
844,2023,10,faturamento,,1,,1982961.3564
845,2023,10,faturamento,,2,,1305209.5704
846,2023,10,faturamento,,3,,717557.4648
847,2023,10,faturamento,,,1,2736234.9936
848,2023,10,faturamento,,,2,318539.8548
849,2023,10,faturamento,,,3,347352.9588
850,2023,10,faturamento,,,4,110300.3784
851,2023,10,faturamento,,,5,496440.4356
852,2023,10,faturamento,,,6,67506.0912
853,2023,10,faturamento,,,7,28033.0848
854,2023,10,faturamento,,,8,60717.2328
855,2023,10,ticket_medio,,,,1965.1636
856,2023,10,ticket_medio,,1,,2042.2868
857,2023,10,ticket_medio,,2,,1857.8854
858,2023,10,ticket_medio,,3,,1966.4862
859,2023,10,taxa_recompra,,,,0.6709
860,2023,10,taxa_recompra,1,,,0.6937
861,2023,10,taxa_recompra,2,,,0.6906
862,2023,10,taxa_recompra,3,,,0.6884
863,2023,10,taxa_recompra,4,,,0.6483
864,2023,10,taxa_recompra,5,,,0.6845
865,2023,10,taxa_conversao,,,,0.03
866,2023,10,taxa_conversao,,1,,0.03
867,2023,10,taxa_conversao,,2,,0.024
868,2023,10,taxa_conversao,,3,,0.13
869,2023,11,faturamento,,,,5660552.8836
870,2023,11,faturamento,1,,,471633.8184
871,2023,11,faturamento,2,,,1141588.242
872,2023,11,faturamento,3,,,582638.5944
873,2023,11,faturamento,4,,,2430933.4548
874,2023,11,faturamento,5,,,1033758.774
875,2023,11,faturamento,,1,,2555240.8932
876,2023,11,faturamento,,2,,2034953.8308
877,2023,11,faturamento,,3,,1070358.1596
878,2023,11,faturamento,,,1,4389671.124
879,2023,11,faturamento,,,2,508102.5996
880,2023,11,faturamento,,,3,686974.23
881,2023,11,faturamento,,,4,173521.4292
882,2023,11,faturamento,,,5,740628.2088
883,2023,11,faturamento,,,6,95703.0336
884,2023,11,faturamento,,,7,53065.6812
885,2023,11,faturamento,,,8,86622.8904
886,2023,11,ticket_medio,,,,2017.373
887,2023,11,ticket_medio,,1,,1979.6448
888,2023,11,ticket_medio,,2,,2086.8204
889,2023,11,ticket_medio,,3,,1982.1447
890,2023,11,taxa_recompra,,,,0.6582
891,2023,11,taxa_recompra,1,,,0.6291
892,2023,11,taxa_recompra,2,,,0.7023
893,2023,11,taxa_recompra,3,,,0.6771
894,2023,11,taxa_recompra,4,,,0.6376
895,2023,11,taxa_recompra,5,,,0.6592
896,2023,11,taxa_conversao,,,,0.03
897,2023,11,taxa_conversao,,1,,0.03
898,2023,11,taxa_conversao,,2,,0.024
899,2023,11,taxa_conversao,,3,,0.13
900,2023,12,faturamento,,,,6359971.6188
901,2023,12,faturamento,1,,,462102.1704
902,2023,12,faturamento,2,,,1326773.3256
903,2023,12,faturamento,3,,,680299.128
904,2023,12,faturamento,4,,,2797870.1616
905,2023,12,faturamento,5,,,1092926.8332
906,2023,12,faturamento,,1,,2870529.1164
907,2023,12,faturamento,,2,,2263292.442
908,2023,12,faturamento,,3,,1226150.0604
909,2023,12,faturamento,,,1,4660796.3004
910,2023,12,faturamento,,,2,421301.9412
911,2023,12,faturamento,,,3,608115.384
912,2023,12,faturamento,,,4,151762.194
913,2023,12,faturamento,,,5,572295.2076
914,2023,12,faturamento,,,6,80061.3396
915,2023,12,faturamento,,,7,49609.8216
916,2023,12,faturamento,,,8,72946.8288
917,2023,12,ticket_medio,,,,2534.6964
918,2023,12,ticket_medio,,1,,2590.004
919,2023,12,ticket_medio,,2,,2411.7434
920,2023,12,ticket_medio,,3,,2651.6641
921,2023,12,taxa_recompra,,,,0.6516
922,2023,12,taxa_recompra,1,,,0.6349
923,2023,12,taxa_recompra,2,,,0.6579
924,2023,12,taxa_recompra,3,,,0.6331
925,2023,12,taxa_recompra,4,,,0.6552
926,2023,12,taxa_recompra,5,,,0.6539
927,2023,12,taxa_conversao,,,,0.03
928,2023,12,taxa_conversao,,1,,0.03
929,2023,12,taxa_conversao,,2,,0.024
930,2023,12,taxa_conversao,,3,,0.13
931,2024,1,faturamento,,,,3174137.9172
932,2024,1,faturamento,1,,,237031.7904
933,2024,1,faturamento,2,,,673941.9024
934,2024,1,faturamento,3,,,271576.638
935,2024,1,faturamento,4,,,1380989.2932
936,2024,1,faturamento,5,,,610598.2932
937,2024,1,faturamento,,1,,1492090.092
938,2024,1,faturamento,,2,,1138061.0376
939,2024,1,faturamento,,3,,543986.7876
940,2024,1,faturamento,,,1,2229979.4856
941,2024,1,faturamento,,,2,230175.9936
942,2024,1,faturamento,,,3,327802.896
943,2024,1,faturamento,,,4,71817.9048
944,2024,1,faturamento,,,5,338956.1208
945,2024,1,faturamento,,,6,46730.1312
946,2024,1,faturamento,,,7,25616.1204
947,2024,1,faturamento,,,8,36498.1248
948,2024,1,ticket_medio,,,,2064.9298
949,2024,1,ticket_medio,,1,,2074.3613
950,2024,1,ticket_medio,,2,,2055.6307
951,2024,1,ticket_medio,,3,,2058.7389
952,2024,1,taxa_recompra,,,,0.6504
953,2024,1,taxa_recompra,1,,,0.5549
954,2024,1,taxa_recompra,2,,,0.6688
955,2024,1,taxa_recompra,3,,,0.658
956,2024,1,taxa_recompra,4,,,0.638
957,2024,1,taxa_recompra,5,,,0.6943
958,2024,1,taxa_conversao,,,,0.03
959,2024,1,taxa_conversao,,1,,0.03
960,2024,1,taxa_conversao,,2,,0.024
961,2024,1,taxa_conversao,,3,,0.13
962,2024,2,faturamento,,,,2859468.588
963,2024,2,faturamento,1,,,250216.236
964,2024,2,faturamento,2,,,603603.7488
965,2024,2,faturamento,3,,,259835.5368
966,2024,2,faturamento,4,,,1283527.8792
967,2024,2,faturamento,5,,,462285.1872
968,2024,2,faturamento,,1,,1328636.736
969,2024,2,faturamento,,2,,1037411.8956
970,2024,2,faturamento,,3,,493419.9564
971,2024,2,faturamento,,,1,1979163.2124
972,2024,2,faturamento,,,2,214560.5112
973,2024,2,faturamento,,,3,267564.4704
974,2024,2,faturamento,,,4,77813.5248
975,2024,2,faturamento,,,5,313288.2792
976,2024,2,faturamento,,,6,54392.6988
977,2024,2,faturamento,,,7,24330.1212
978,2024,2,faturamento,,,8,47977.488
979,2024,2,ticket_medio,,,,1928.6321
980,2024,2,ticket_medio,,1,,1847.1221
981,2024,2,ticket_medio,,2,,1986.714
982,2024,2,ticket_medio,,3,,2045.9845
983,2024,2,taxa_recompra,,,,0.6194
984,2024,2,taxa_recompra,1,,,0.6945
985,2024,2,taxa_recompra,2,,,0.6252
986,2024,2,taxa_recompra,3,,,0.659
987,2024,2,taxa_recompra,4,,,0.6126
988,2024,2,taxa_recompra,5,,,0.5734
989,2024,2,taxa_conversao,,,,0.03
990,2024,2,taxa_conversao,,1,,0.03
991,2024,2,taxa_conversao,,2,,0.024
992,2024,2,taxa_conversao,,3,,0.13
993,2024,3,faturamento,,,,3505864.6368
994,2024,3,faturamento,1,,,274930.848
995,2024,3,faturamento,2,,,807425.1396
996,2024,3,faturamento,3,,,314738.3304
997,2024,3,faturamento,4,,,1388675.8476
998,2024,3,faturamento,5,,,720094.4712
999,2024,3,faturamento,,1,,1715280.6456
1000,2024,3,faturamento,,2,,1195492.5432
1001,2024,3,faturamento,,3,,595091.448
1002,2024,3,faturamento,,,1,2464572.9708
1003,2024,3,faturamento,,,2,261763.1748
1004,2024,3,faturamento,,,3,366062.5332
1005,2024,3,faturamento,,,4,96085.1808
1006,2024,3,faturamento,,,5,325857.0276
1007,2024,3,faturamento,,,6,53653.9032
1008,2024,3,faturamento,,,7,30598.9272
1009,2024,3,faturamento,,,8,51112.2204
1010,2024,3,ticket_medio,,,,1940.5433
1011,2024,3,ticket_medio,,1,,1949.7849
1012,2024,3,ticket_medio,,2,,1824.2331
1013,2024,3,ticket_medio,,3,,2191.2777
1014,2024,3,taxa_recompra,,,,0.6343
1015,2024,3,taxa_recompra,1,,,0.649
1016,2024,3,taxa_recompra,2,,,0.6216
1017,2024,3,taxa_recompra,3,,,0.6358
1018,2024,3,taxa_recompra,4,,,0.6371
1019,2024,3,taxa_recompra,5,,,0.6344
1020,2024,3,taxa_conversao,,,,0.03
1021,2024,3,taxa_conversao,,1,,0.03
1022,2024,3,taxa_conversao,,2,,0.024
1023,2024,3,taxa_conversao,,3,,0.13
1024,2024,4,faturamento,,,,3628384.9668
1025,2024,4,faturamento,1,,,281360.5416
1026,2024,4,faturamento,2,,,750164.7168
1027,2024,4,faturamento,3,,,456535.8828
1028,2024,4,faturamento,4,,,1569985.5024
1029,2024,4,faturamento,5,,,570338.3232
1030,2024,4,faturamento,,1,,1746359.514
1031,2024,4,faturamento,,2,,1246684.8024
1032,2024,4,faturamento,,3,,635340.6504
1033,2024,4,faturamento,,,1,2467024.5492
1034,2024,4,faturamento,,,2,291205.8216
1035,2024,4,faturamento,,,3,359113.392
1036,2024,4,faturamento,,,4,94883.8104
1037,2024,4,faturamento,,,5,412691.976
1038,2024,4,faturamento,,,6,52511.922
1039,2024,4,faturamento,,,7,32273.7156
1040,2024,4,faturamento,,,8,61701.7932
1041,2024,4,ticket_medio,,,,1914.9995
1042,2024,4,ticket_medio,,1,,1945.6887
1043,2024,4,ticket_medio,,2,,1857.7624
1044,2024,4,ticket_medio,,3,,1948.3175
1045,2024,4,taxa_recompra,,,,0.6469
1046,2024,4,taxa_recompra,1,,,0.5818
1047,2024,4,taxa_recompra,2,,,0.6606
1048,2024,4,taxa_recompra,3,,,0.664
1049,2024,4,taxa_recompra,4,,,0.6526
1050,2024,4,taxa_recompra,5,,,0.6343
1051,2024,4,taxa_conversao,,,,0.03
1052,2024,4,taxa_conversao,,1,,0.03
1053,2024,4,taxa_conversao,,2,,0.024
1054,2024,4,taxa_conversao,,3,,0.13
1055,2024,5,faturamento,,,,4519978.1028
1056,2024,5,faturamento,1,,,316708.5636
1057,2024,5,faturamento,2,,,999029.3004
1058,2024,5,faturamento,3,,,502992.9036
1059,2024,5,faturamento,4,,,1923128.3628
1060,2024,5,faturamento,5,,,778118.9724
1061,2024,5,faturamento,,1,,2164941.2592
1062,2024,5,faturamento,,2,,1686438.5544
1063,2024,5,faturamento,,3,,668598.2892
1064,2024,5,faturamento,,,1,3268703.3868
1065,2024,5,faturamento,,,2,295181.2692
1066,2024,5,faturamento,,,3,487119.906
1067,2024,5,faturamento,,,4,97311.456
1068,2024,5,faturamento,,,5,401918.8572
1069,2024,5,faturamento,,,6,65268.2448
1070,2024,5,faturamento,,,7,33564.4452
1071,2024,5,faturamento,,,8,52788.5532
1072,2024,5,ticket_medio,,,,2121.4173
1073,2024,5,ticket_medio,,1,,2132.9675
1074,2024,5,ticket_medio,,2,,2147.3467
1075,2024,5,ticket_medio,,3,,2024.2688
1076,2024,5,taxa_recompra,,,,0.6479
1077,2024,5,taxa_recompra,1,,,0.7119
1078,2024,5,taxa_recompra,2,,,0.6249
1079,2024,5,taxa_recompra,3,,,0.6417
1080,2024,5,taxa_recompra,4,,,0.6636
1081,2024,5,taxa_recompra,5,,,0.611
1082,2024,5,taxa_conversao,,,,0.03
1083,2024,5,taxa_conversao,,1,,0.03
1084,2024,5,taxa_conversao,,2,,0.024
1085,2024,5,taxa_conversao,,3,,0.13
1086,2024,6,faturamento,,,,3688111.4292
1087,2024,6,faturamento,1,,,281013.1596
1088,2024,6,faturamento,2,,,787516.236
1089,2024,6,faturamento,3,,,345768.3936
1090,2024,6,faturamento,4,,,1502407.6884
1091,2024,6,faturamento,5,,,771405.9516
1092,2024,6,faturamento,,1,,1705889.0844
1093,2024,6,faturamento,,2,,1425048.4656
1094,2024,6,faturamento,,3,,557173.8792
1095,2024,6,faturamento,,,1,2630294.1864
1096,2024,6,faturamento,,,2,255517.74
1097,2024,6,faturamento,,,3,351345.6756
1098,2024,6,faturamento,,,4,93434.8824
1099,2024,6,faturamento,,,5,368126.3484
1100,2024,6,faturamento,,,6,64062.6624
1101,2024,6,faturamento,,,7,23924.646
1102,2024,6,faturamento,,,8,51982.1928
1103,2024,6,ticket_medio,,,,2047.3606
1104,2024,6,ticket_medio,,1,,2038.7378
1105,2024,6,ticket_medio,,2,,2167.5821
1106,2024,6,ticket_medio,,3,,1813.5795
1107,2024,6,taxa_recompra,,,,0.629
1108,2024,6,taxa_recompra,1,,,0.6657
1109,2024,6,taxa_recompra,2,,,0.5921
1110,2024,6,taxa_recompra,3,,,0.6289
1111,2024,6,taxa_recompra,4,,,0.6636
1112,2024,6,taxa_recompra,5,,,0.5716
1113,2024,6,taxa_conversao,,,,0.03
1114,2024,6,taxa_conversao,,1,,0.03
1115,2024,6,taxa_conversao,,2,,0.024
1116,2024,6,taxa_conversao,,3,,0.13
1117,2024,7,faturamento,,,,3886751.1852
1118,2024,7,faturamento,1,,,333377.7048
1119,2024,7,faturamento,2,,,872078.616
1120,2024,7,faturamento,3,,,324557.9712
1121,2024,7,faturamento,4,,,1631102.3784
1122,2024,7,faturamento,5,,,725634.5148
1123,2024,7,faturamento,,1,,1933073.208
1124,2024,7,faturamento,,2,,1405717.3728
1125,2024,7,faturamento,,3,,547960.6044
1126,2024,7,faturamento,,,1,2811516.696
1127,2024,7,faturamento,,,2,256315.428
1128,2024,7,faturamento,,,3,398877.4044
1129,2024,7,faturamento,,,4,88996.9464
1130,2024,7,faturamento,,,5,346509.8676
1131,2024,7,faturamento,,,6,60823.2348
1132,2024,7,faturamento,,,7,33193.5516
1133,2024,7,faturamento,,,8,53003.862
1134,2024,7,ticket_medio,,,,2090.6988
1135,2024,7,ticket_medio,,1,,2207.8791
1136,2024,7,ticket_medio,,2,,2046.7754
1137,2024,7,ticket_medio,,3,,1846.615
1138,2024,7,taxa_recompra,,,,0.6533
1139,2024,7,taxa_recompra,1,,,0.6694
1140,2024,7,taxa_recompra,2,,,0.6234
1141,2024,7,taxa_recompra,3,,,0.6432
1142,2024,7,taxa_recompra,4,,,0.6562
1143,2024,7,taxa_recompra,5,,,0.6792
1144,2024,7,taxa_conversao,,,,0.03
1145,2024,7,taxa_conversao,,1,,0.03
1146,2024,7,taxa_conversao,,2,,0.024
1147,2024,7,taxa_conversao,,3,,0.13
1148,2024,8,faturamento,,,,3888659.0916
1149,2024,8,faturamento,1,,,306514.9512
1150,2024,8,faturamento,2,,,775161.414
1151,2024,8,faturamento,3,,,337816.6884
1152,2024,8,faturamento,4,,,1757784.3912
1153,2024,8,faturamento,5,,,711381.6468
1154,2024,8,faturamento,,1,,1913878.26
1155,2024,8,faturamento,,2,,1303271.1108
1156,2024,8,faturamento,,3,,671509.7208
1157,2024,8,faturamento,,,1,2763761.7312
1158,2024,8,faturamento,,,2,282659.7168
1159,2024,8,faturamento,,,3,386631.5652
1160,2024,8,faturamento,,,4,88608.3192
1161,2024,8,faturamento,,,5,386952.984
1162,2024,8,faturamento,,,6,62133.6744
1163,2024,8,faturamento,,,7,29138.8644
1164,2024,8,faturamento,,,8,52286.1804
1165,2024,8,ticket_medio,,,,2053.5042
1166,2024,8,ticket_medio,,1,,2142.3389
1167,2024,8,ticket_medio,,2,,1936.035
1168,2024,8,ticket_medio,,3,,2052.6324
1169,2024,8,taxa_recompra,,,,0.6457
1170,2024,8,taxa_recompra,1,,,0.6287
1171,2024,8,taxa_recompra,2,,,0.677
1172,2024,8,taxa_recompra,3,,,0.6355
1173,2024,8,taxa_recompra,4,,,0.6424
1174,2024,8,taxa_recompra,5,,,0.6335
1175,2024,8,taxa_conversao,,,,0.03
1176,2024,8,taxa_conversao,,1,,0.03
1177,2024,8,taxa_conversao,,2,,0.024
1178,2024,8,taxa_conversao,,3,,0.13
1179,2024,9,faturamento,,,,4299445.5588
1180,2024,9,faturamento,1,,,360566.0028
1181,2024,9,faturamento,2,,,780855.9408
1182,2024,9,faturamento,3,,,448106.4936
1183,2024,9,faturamento,4,,,2159491.752
1184,2024,9,faturamento,5,,,550425.3696
1185,2024,9,faturamento,,1,,2129756.3388
1186,2024,9,faturamento,,2,,1482247.0044
1187,2024,9,faturamento,,3,,687442.2156
1188,2024,9,faturamento,,,1,3191703.0048
1189,2024,9,faturamento,,,2,320425.8264
1190,2024,9,faturamento,,,3,353432.7864
1191,2024,9,faturamento,,,4,94485.6144
1192,2024,9,faturamento,,,5,345495.4668
1193,2024,9,faturamento,,,6,63751.806
1194,2024,9,faturamento,,,7,36275.7636
1195,2024,9,faturamento,,,8,69281.5032
1196,2024,9,ticket_medio,,,,2140.082
1197,2024,9,ticket_medio,,1,,2184.0393
1198,2024,9,ticket_medio,,2,,2063.6853
1199,2024,9,ticket_medio,,3,,2178.1269
1200,2024,9,taxa_recompra,,,,0.6444
1201,2024,9,taxa_recompra,1,,,0.7188
1202,2024,9,taxa_recompra,2,,,0.6442
1203,2024,9,taxa_recompra,3,,,0.6883
1204,2024,9,taxa_recompra,4,,,0.6314
1205,2024,9,taxa_recompra,5,,,0.6173
1206,2024,9,taxa_conversao,,,,0.03
1207,2024,9,taxa_conversao,,1,,0.03
1208,2024,9,taxa_conversao,,2,,0.024
1209,2024,9,taxa_conversao,,3,,0.13
1210,2024,10,faturamento,,,,4633788.7944
1211,2024,10,faturamento,1,,,343929.7152
1212,2024,10,faturamento,2,,,937431.8892
1213,2024,10,faturamento,3,,,432331.4952
1214,2024,10,faturamento,4,,,2100268.2996
1215,2024,10,faturamento,5,,,819827.3952
1216,2024,10,faturamento,,1,,2128589.7444
1217,2024,10,faturamento,,2,,1826107.0488
1218,2024,10,faturamento,,3,,679092.0012
1219,2024,10,faturamento,,,1,3366294.6924
1220,2024,10,faturamento,,,2,314662.4172
1221,2024,10,faturamento,,,3,384387.4872
1222,2024,10,faturamento,,,4,113457.0348
1223,2024,10,faturamento,,,5,478072.5948
1224,2024,10,faturamento,,,6,68821.1856
1225,2024,10,faturamento,,,7,36971.0244
1226,2024,10,faturamento,,,8,57723.6024
1227,2024,10,ticket_medio,,,,2144.2317
1228,2024,10,ticket_medio,,1,,2067.2545
1229,2024,10,ticket_medio,,2,,2306.7087
1230,2024,10,ticket_medio,,3,,1998.9276
1231,2024,10,taxa_recompra,,,,0.6373
1232,2024,10,taxa_recompra,1,,,0.6628
1233,2024,10,taxa_recompra,2,,,0.6427
1234,2024,10,taxa_recompra,3,,,0.6228
1235,2024,10,taxa_recompra,4,,,0.6434
1236,2024,10,taxa_recompra,5,,,0.6123
1237,2024,10,taxa_conversao,,,,0.03
1238,2024,10,taxa_conversao,,1,,0.03
1239,2024,10,taxa_conversao,,2,,0.024
1240,2024,10,taxa_conversao,,3,,0.13
1241,2024,11,faturamento,,,,6168437.3124
1242,2024,11,faturamento,1,,,453126.0096
1243,2024,11,faturamento,2,,,1172763.1656
1244,2024,11,faturamento,3,,,745953.7428
1245,2024,11,faturamento,4,,,2590663.8672
1246,2024,11,faturamento,5,,,1205930.5272
1247,2024,11,faturamento,,1,,2761316.4168
1248,2024,11,faturamento,,2,,2364430.1652
1249,2024,11,faturamento,,3,,1042690.7304
1250,2024,11,faturamento,,,1,4979592.234
1251,2024,11,faturamento,,,2,454902.318
1252,2024,11,faturamento,,,3,735116.9148
1253,2024,11,faturamento,,,4,190225.4112
1254,2024,11,faturamento,,,5,716913.828
1255,2024,11,faturamento,,,6,98843.8464
1256,2024,11,faturamento,,,7,52249.1904
1257,2024,11,faturamento,,,8,97417.8252
1258,2024,11,ticket_medio,,,,2108.5525
1259,2024,11,ticket_medio,,1,,2071.973
1260,2024,11,ticket_medio,,2,,2119.3288
1261,2024,11,ticket_medio,,3,,2185.5341
1262,2024,11,taxa_recompra,,,,0.6423
1263,2024,11,taxa_recompra,1,,,0.6486
1264,2024,11,taxa_recompra,2,,,0.6776
1265,2024,11,taxa_recompra,3,,,0.6028
1266,2024,11,taxa_recompra,4,,,0.6431
1267,2024,11,taxa_recompra,5,,,0.6213
1268,2024,11,taxa_conversao,,,,0.03
1269,2024,11,taxa_conversao,,1,,0.03
1270,2024,11,taxa_conversao,,2,,0.024
1271,2024,11,taxa_conversao,,3,,0.13
1272,2024,12,faturamento,,,,6023490.4908
1273,2024,12,faturamento,1,,,490840.4304
1274,2024,12,faturamento,2,,,1244358.18
1275,2024,12,faturamento,3,,,718314.858
1276,2024,12,faturamento,4,,,2531893.14
1277,2024,12,faturamento,5,,,1038083.8824
1278,2024,12,faturamento,,1,,2693649.5136
1279,2024,12,faturamento,,2,,2306576.3472
1280,2024,12,faturamento,,3,,1023264.63
1281,2024,12,faturamento,,,1,4276128.6612
1282,2024,12,faturamento,,,2,399254.94
1283,2024,12,faturamento,,,3,544142.7396
1284,2024,12,faturamento,,,4,157630.4388
1285,2024,12,faturamento,,,5,678132.648
1286,2024,12,faturamento,,,6,101694.042
1287,2024,12,faturamento,,,7,46067.4216
1288,2024,12,faturamento,,,8,76054.5612
1289,2024,12,ticket_medio,,,,2363.0708
1290,2024,12,ticket_medio,,1,,2289.611
1291,2024,12,ticket_medio,,2,,2428.0247
1292,2024,12,ticket_medio,,3,,2421.5664
1293,2024,12,taxa_recompra,,,,0.642
1294,2024,12,taxa_recompra,1,,,0.6622
1295,2024,12,taxa_recompra,2,,,0.6753
1296,2024,12,taxa_recompra,3,,,0.6464
1297,2024,12,taxa_recompra,4,,,0.6253
1298,2024,12,taxa_recompra,5,,,0.6326
1299,2024,12,taxa_conversao,,,,0.03
1300,2024,12,taxa_conversao,,1,,0.03
1301,2024,12,taxa_conversao,,2,,0.024
1302,2024,12,taxa_conversao,,3,,0.13
1303,2025,1,faturamento,,,,3405424.3236
1304,2025,1,faturamento,1,,,291292.0812
1305,2025,1,faturamento,2,,,750580.074
1306,2025,1,faturamento,3,,,355297.9356
1307,2025,1,faturamento,4,,,1422265.4244
1308,2025,1,faturamento,5,,,585988.8084
1309,2025,1,faturamento,,1,,1852289.6184
1310,2025,1,faturamento,,2,,1040697.6012
1311,2025,1,faturamento,,3,,512437.104
1312,2025,1,faturamento,,,1,2453383.5228
1313,2025,1,faturamento,,,2,249747.5484
1314,2025,1,faturamento,,,3,335683.818
1315,2025,1,faturamento,,,4,82290.0816
1316,2025,1,faturamento,,,5,290059.5636
1317,2025,1,faturamento,,,6,62499.6324
1318,2025,1,faturamento,,,7,21562.9128
1319,2025,1,faturamento,,,8,50844.132
1320,2025,1,ticket_medio,,,,2041.3361
1321,2025,1,ticket_medio,,1,,2146.4587
1322,2025,1,ticket_medio,,2,,1811.1627
1323,2025,1,ticket_medio,,3,,2221.4235
1324,2025,1,taxa_recompra,,,,0.6618
1325,2025,1,taxa_recompra,1,,,0.6844
1326,2025,1,taxa_recompra,2,,,0.6911
1327,2025,1,taxa_recompra,3,,,0.7138
1328,2025,1,taxa_recompra,4,,,0.6411
1329,2025,1,taxa_recompra,5,,,0.6393
1330,2025,1,taxa_conversao,,,,0.03
1331,2025,1,taxa_conversao,,1,,0.03
1332,2025,1,taxa_conversao,,2,,0.024
1333,2025,1,taxa_conversao,,3,,0.13
1334,2025,2,faturamento,,,,3120464.4444
1335,2025,2,faturamento,1,,,268571.7432
1336,2025,2,faturamento,2,,,645375.3192
1337,2025,2,faturamento,3,,,265381.38
1338,2025,2,faturamento,4,,,1445248.656
1339,2025,2,faturamento,5,,,495887.346
1340,2025,2,faturamento,,1,,1543025.9376
1341,2025,2,faturamento,,2,,1109846.826
1342,2025,2,faturamento,,3,,467591.6808
1343,2025,2,faturamento,,,1,2191178.52
1344,2025,2,faturamento,,,2,228048.1344
1345,2025,2,faturamento,,,3,330207.2892
1346,2025,2,faturamento,,,4,79700.8032
1347,2025,2,faturamento,,,5,311474.8188
1348,2025,2,faturamento,,,6,45692.0892
1349,2025,2,faturamento,,,7,23430.4812
1350,2025,2,faturamento,,,8,40830.264
1351,2025,2,ticket_medio,,,,1951.4744
1352,2025,2,ticket_medio,,1,,2032.5823
1353,2025,2,ticket_medio,,2,,1821.7987
1354,2025,2,ticket_medio,,3,,2027.0178
1355,2025,2,taxa_recompra,,,,0.6416
1356,2025,2,taxa_recompra,1,,,0.6331
1357,2025,2,taxa_recompra,2,,,0.682
1358,2025,2,taxa_recompra,3,,,0.6466
1359,2025,2,taxa_recompra,4,,,0.619
1360,2025,2,taxa_recompra,5,,,0.6545
1361,2025,2,taxa_conversao,,,,0.03
1362,2025,2,taxa_conversao,,1,,0.03
1363,2025,2,taxa_conversao,,2,,0.024
1364,2025,2,taxa_conversao,,3,,0.13
1365,2025,3,faturamento,,,,3727343.1852
1366,2025,3,faturamento,1,,,304026.2316
1367,2025,3,faturamento,2,,,873243.8604
1368,2025,3,faturamento,3,,,372207.5496
1369,2025,3,faturamento,4,,,1567574.0244
1370,2025,3,faturamento,5,,,610291.5192
1371,2025,3,faturamento,,1,,1739756.61
1372,2025,3,faturamento,,2,,1472907.4668
1373,2025,3,faturamento,,3,,514679.1084
1374,2025,3,faturamento,,,1,2639903.994
1375,2025,3,faturamento,,,2,264364.1496
1376,2025,3,faturamento,,,3,344862.1656
1377,2025,3,faturamento,,,4,84236.2632
1378,2025,3,faturamento,,,5,402561.3492
1379,2025,3,faturamento,,,6,64940.8968
1380,2025,3,faturamento,,,7,29315.1744
1381,2025,3,faturamento,,,8,49374.738
1382,2025,3,ticket_medio,,,,2066.7331
1383,2025,3,ticket_medio,,1,,2023.4297
1384,2025,3,ticket_medio,,2,,2151.175
1385,2025,3,ticket_medio,,3,,1987.2525
1386,2025,3,taxa_recompra,,,,0.6312
1387,2025,3,taxa_recompra,1,,,0.6632
1388,2025,3,taxa_recompra,2,,,0.6219
1389,2025,3,taxa_recompra,3,,,0.6517
1390,2025,3,taxa_recompra,4,,,0.6466
1391,2025,3,taxa_recompra,5,,,0.5784
1392,2025,3,taxa_conversao,,,,0.03
1393,2025,3,taxa_conversao,,1,,0.03
1394,2025,3,taxa_conversao,,2,,0.024
1395,2025,3,taxa_conversao,,3,,0.13
1396,2025,4,faturamento,,,,4021473.5928
1397,2025,4,faturamento,1,,,283572.7596
1398,2025,4,faturamento,2,,,839932.2756
1399,2025,4,faturamento,3,,,321135.1272
1400,2025,4,faturamento,4,,,1825130.556
1401,2025,4,faturamento,5,,,751702.8744
1402,2025,4,faturamento,,1,,1789515.2124
1403,2025,4,faturamento,,2,,1573233.4944
1404,2025,4,faturamento,,3,,658724.886
1405,2025,4,faturamento,,,1,2814705.9252
1406,2025,4,faturamento,,,2,303089.8176
1407,2025,4,faturamento,,,3,382836.2076
1408,2025,4,faturamento,,,4,109145.9988
1409,2025,4,faturamento,,,5,439510.32
1410,2025,4,faturamento,,,6,66491.7552
1411,2025,4,faturamento,,,7,27269.622
1412,2025,4,faturamento,,,8,52864.1856
1413,2025,4,ticket_medio,,,,2049.8633
1414,2025,4,ticket_medio,,1,,1917.6037
1415,2025,4,ticket_medio,,2,,2107.3014
1416,2025,4,ticket_medio,,3,,2335.4214
1417,2025,4,taxa_recompra,,,,0.652
1418,2025,4,taxa_recompra,1,,,0.6755
1419,2025,4,taxa_recompra,2,,,0.6182
1420,2025,4,taxa_recompra,3,,,0.618
1421,2025,4,taxa_recompra,4,,,0.6728
1422,2025,4,taxa_recompra,5,,,0.6448
1423,2025,4,taxa_conversao,,,,0.03
1424,2025,4,taxa_conversao,,1,,0.03
1425,2025,4,taxa_conversao,,2,,0.024
1426,2025,4,taxa_conversao,,3,,0.13
1427,2025,5,faturamento,,,,4492707.3468
1428,2025,5,faturamento,1,,,349588.386
1429,2025,5,faturamento,2,,,999885.762
1430,2025,5,faturamento,3,,,403064.802
1431,2025,5,faturamento,4,,,1883124.4068
1432,2025,5,faturamento,5,,,857043.99
1433,2025,5,faturamento,,1,,2139549.3144
1434,2025,5,faturamento,,2,,1748593.1484
1435,2025,5,faturamento,,3,,604564.884
1436,2025,5,faturamento,,,1,3237116.5404
1437,2025,5,faturamento,,,2,324608.202
1438,2025,5,faturamento,,,3,419674.0464
1439,2025,5,faturamento,,,4,115759.3572
1440,2025,5,faturamento,,,5,417851.838
1441,2025,5,faturamento,,,6,69835.7592
1442,2025,5,faturamento,,,7,31502.5956
1443,2025,5,faturamento,,,8,58767.822
1444,2025,5,ticket_medio,,,,2038.3975
1445,2025,5,ticket_medio,,1,,2010.341
1446,2025,5,ticket_medio,,2,,2118.9832
1447,2025,5,ticket_medio,,3,,1921.9192
1448,2025,5,taxa_recompra,,,,0.6655
1449,2025,5,taxa_recompra,1,,,0.606
1450,2025,5,taxa_recompra,2,,,0.6954
1451,2025,5,taxa_recompra,3,,,0.6641
1452,2025,5,taxa_recompra,4,,,0.679
1453,2025,5,taxa_recompra,5,,,0.632
1454,2025,5,taxa_conversao,,,,0.03
1455,2025,5,taxa_conversao,,1,,0.03
1456,2025,5,taxa_conversao,,2,,0.024
1457,2025,5,taxa_conversao,,3,,0.13
1458,2025,6,faturamento,,,,3702504.1788
1459,2025,6,faturamento,1,,,232009.3692
1460,2025,6,faturamento,2,,,633230.1684
1461,2025,6,faturamento,3,,,337744.296
1462,2025,6,faturamento,4,,,1708239.51
1463,2025,6,faturamento,5,,,791280.8352
1464,2025,6,faturamento,,1,,1600133.5836
1465,2025,6,faturamento,,2,,1562864.2524
1466,2025,6,faturamento,,3,,539506.3428
1467,2025,6,faturamento,,,1,2487317.8896
1468,2025,6,faturamento,,,2,312707.4336
1469,2025,6,faturamento,,,3,393230.16
1470,2025,6,faturamento,,,4,94708.7748
1471,2025,6,faturamento,,,5,431074.7208
1472,2025,6,faturamento,,,6,60312.654
1473,2025,6,faturamento,,,7,28740.8088
1474,2025,6,faturamento,,,8,43329.762
1475,2025,6,ticket_medio,,,,1920.1153
1476,2025,6,ticket_medio,,1,,1823.2417
1477,2025,6,ticket_medio,,2,,2033.4371
1478,2025,6,ticket_medio,,3,,1912.7479
1479,2025,6,taxa_recompra,,,,0.6378
1480,2025,6,taxa_recompra,1,,,0.6628
1481,2025,6,taxa_recompra,2,,,0.6208
1482,2025,6,taxa_recompra,3,,,0.5952
1483,2025,6,taxa_recompra,4,,,0.6576
1484,2025,6,taxa_recompra,5,,,0.6195
1485,2025,6,taxa_conversao,,,,0.03
1486,2025,6,taxa_conversao,,1,,0.03
1487,2025,6,taxa_conversao,,2,,0.024
1488,2025,6,taxa_conversao,,3,,0.13
1489,2025,7,faturamento,,,,3815649.99
1490,2025,7,faturamento,1,,,291737.9484
1491,2025,7,faturamento,2,,,842764.5432
1492,2025,7,faturamento,3,,,391593.9384
1493,2025,7,faturamento,4,,,1665846.0432
1494,2025,7,faturamento,5,,,623707.5168
1495,2025,7,faturamento,,1,,1917877.5324
1496,2025,7,faturamento,,2,,1364901.9156
1497,2025,7,faturamento,,3,,532870.542
1498,2025,7,faturamento,,,1,2581460.0856
1499,2025,7,faturamento,,,2,282434.1912
1500,2025,7,faturamento,,,3,422206.0848
1501,2025,7,faturamento,,,4,85118.4072
1502,2025,7,faturamento,,,5,441894.2688
1503,2025,7,faturamento,,,6,58409.4996
1504,2025,7,faturamento,,,7,31535.9892
1505,2025,7,faturamento,,,8,61726.2984
1506,2025,7,ticket_medio,,,,2008.2779
1507,2025,7,ticket_medio,,1,,2073.7947
1508,2025,7,ticket_medio,,2,,1981.2968
1509,2025,7,ticket_medio,,3,,1861.5407
1510,2025,7,taxa_recompra,,,,0.6343
1511,2025,7,taxa_recompra,1,,,0.6457
1512,2025,7,taxa_recompra,2,,,0.6331
1513,2025,7,taxa_recompra,3,,,0.6269
1514,2025,7,taxa_recompra,4,,,0.6201
1515,2025,7,taxa_recompra,5,,,0.6679
1516,2025,7,taxa_conversao,,,,0.03
1517,2025,7,taxa_conversao,,1,,0.03
1518,2025,7,taxa_conversao,,2,,0.024
1519,2025,7,taxa_conversao,,3,,0.13
1520,2025,8,faturamento,,,,4367361.2616
1521,2025,8,faturamento,1,,,355507.9524
1522,2025,8,faturamento,2,,,905506.2576
1523,2025,8,faturamento,3,,,390095.4924
1524,2025,8,faturamento,4,,,2016664.884
1525,2025,8,faturamento,5,,,699586.6752
1526,2025,8,faturamento,,1,,2007002.1348
1527,2025,8,faturamento,,2,,1782125.712
1528,2025,8,faturamento,,3,,578233.4148
1529,2025,8,faturamento,,,1,3207416.6268
1530,2025,8,faturamento,,,2,257436.684
1531,2025,8,faturamento,,,3,398593.9908
1532,2025,8,faturamento,,,4,104153.8608
1533,2025,8,faturamento,,,5,426644.118
1534,2025,8,faturamento,,,6,58993.4988
1535,2025,8,faturamento,,,7,34728.8796
1536,2025,8,faturamento,,,8,55358.4456
1537,2025,8,ticket_medio,,,,2192.194
1538,2025,8,ticket_medio,,1,,2192.5377
1539,2025,8,ticket_medio,,2,,2331.4402
1540,2025,8,ticket_medio,,3,,1850.5482
1541,2025,8,taxa_recompra,,,,0.6491
1542,2025,8,taxa_recompra,1,,,0.6891
1543,2025,8,taxa_recompra,2,,,0.641
1544,2025,8,taxa_recompra,3,,,0.6121
1545,2025,8,taxa_recompra,4,,,0.6595
1546,2025,8,taxa_recompra,5,,,0.6361
1547,2025,8,taxa_conversao,,,,0.03
1548,2025,8,taxa_conversao,,1,,0.03
1549,2025,8,taxa_conversao,,2,,0.024
1550,2025,8,taxa_conversao,,3,,0.13
1551,2025,9,faturamento,,,,4393434.492
1552,2025,9,faturamento,1,,,336315.24
1553,2025,9,faturamento,2,,,1030897.6704
1554,2025,9,faturamento,3,,,422978.1012
1555,2025,9,faturamento,4,,,1769855.454
1556,2025,9,faturamento,5,,,833388.0264
1557,2025,9,faturamento,,1,,2068846.3368
1558,2025,9,faturamento,,2,,1636895.1096
1559,2025,9,faturamento,,3,,687693.0456
1560,2025,9,faturamento,,,1,3152669.2992
1561,2025,9,faturamento,,,2,307395.8424
1562,2025,9,faturamento,,,3,398687.5836
1563,2025,9,faturamento,,,4,111292.7148
1564,2025,9,faturamento,,,5,449536.932
1565,2025,9,faturamento,,,6,55814.0652
1566,2025,9,faturamento,,,7,32317.542
1567,2025,9,faturamento,,,8,61714.7964
1568,2025,9,ticket_medio,,,,2090.8357
1569,2025,9,ticket_medio,,1,,2085.6939
1570,2025,9,ticket_medio,,2,,2043.3415
1571,2025,9,ticket_medio,,3,,2230.8007
1572,2025,9,taxa_recompra,,,,0.6507
1573,2025,9,taxa_recompra,1,,,0.6338
1574,2025,9,taxa_recompra,2,,,0.6764
1575,2025,9,taxa_recompra,3,,,0.68
1576,2025,9,taxa_recompra,4,,,0.6406
1577,2025,9,taxa_recompra,5,,,0.6377
1578,2025,9,taxa_conversao,,,,0.03
1579,2025,9,taxa_conversao,,1,,0.03
1580,2025,9,taxa_conversao,,2,,0.024
1581,2025,9,taxa_conversao,,3,,0.13
1582,2025,10,faturamento,,,,4589385.1236
1583,2025,10,faturamento,1,,,374943.6432
1584,2025,10,faturamento,2,,,908297.3664
1585,2025,10,faturamento,3,,,556480.0656
1586,2025,10,faturamento,4,,,1969670.736
1587,2025,10,faturamento,5,,,779993.3124
1588,2025,10,faturamento,,1,,2138233.4856
1589,2025,10,faturamento,,2,,1774608.9552
1590,2025,10,faturamento,,3,,676542.6828
1591,2025,10,faturamento,,,1,3212300.3328
1592,2025,10,faturamento,,,2,332073.0972
1593,2025,10,faturamento,,,3,473910.7608
1594,2025,10,faturamento,,,4,110456.6328
1595,2025,10,faturamento,,,5,481064.3244
1596,2025,10,faturamento,,,6,70285.4496
1597,2025,10,faturamento,,,7,37886.8536
1598,2025,10,faturamento,,,8,60946.1928
1599,2025,10,ticket_medio,,,,2030.1083
1600,2025,10,ticket_medio,,1,,1976.0089
1601,2025,10,ticket_medio,,2,,2089.4458
1602,2025,10,ticket_medio,,3,,2054.8448
1603,2025,10,taxa_recompra,,,,0.6551
1604,2025,10,taxa_recompra,1,,,0.6278
1605,2025,10,taxa_recompra,2,,,0.6604
1606,2025,10,taxa_recompra,3,,,0.6926
1607,2025,10,taxa_recompra,4,,,0.6406
1608,2025,10,taxa_recompra,5,,,0.675
1609,2025,10,taxa_conversao,,,,0.03
1610,2025,10,taxa_conversao,,1,,0.03
1611,2025,10,taxa_conversao,,2,,0.024
1612,2025,10,taxa_conversao,,3,,0.13
1613,2025,11,faturamento,,,,6606016.2792
1614,2025,11,faturamento,1,,,616330.9224
1615,2025,11,faturamento,2,,,1371582.8496
1616,2025,11,faturamento,3,,,680551.8804
1617,2025,11,faturamento,4,,,2764113.9516
1618,2025,11,faturamento,5,,,1173436.6752
1619,2025,11,faturamento,,1,,3144344.8968
1620,2025,11,faturamento,,2,,2638976.4684
1621,2025,11,faturamento,,3,,822694.914
1622,2025,11,faturamento,,,1,5411602.71
1623,2025,11,faturamento,,,2,502659.2916
1624,2025,11,faturamento,,,3,744051.4956
1625,2025,11,faturamento,,,4,175342.0608
1626,2025,11,faturamento,,,5,763749.324
1627,2025,11,faturamento,,,6,108976.8924
1628,2025,11,faturamento,,,7,58645.8252
1629,2025,11,faturamento,,,8,102270.168
1630,2025,11,ticket_medio,,,,2146.5697
1631,2025,11,ticket_medio,,1,,2171.4507
1632,2025,11,ticket_medio,,2,,2192.3359
1633,2025,11,ticket_medio,,3,,1932.53
1634,2025,11,taxa_recompra,,,,0.6449
1635,2025,11,taxa_recompra,1,,,0.6421
1636,2025,11,taxa_recompra,2,,,0.6297
1637,2025,11,taxa_recompra,3,,,0.6221
1638,2025,11,taxa_recompra,4,,,0.6577
1639,2025,11,taxa_recompra,5,,,0.6443
1640,2025,11,taxa_conversao,,,,0.03
1641,2025,11,taxa_conversao,,1,,0.03
1642,2025,11,taxa_conversao,,2,,0.024
1643,2025,11,taxa_conversao,,3,,0.13
1644,2025,12,faturamento,,,,6705164.556
1645,2025,12,faturamento,1,,,541138.9788
1646,2025,12,faturamento,2,,,1344519.5184
1647,2025,12,faturamento,3,,,698873.0328
1648,2025,12,faturamento,4,,,2931911.1324
1649,2025,12,faturamento,5,,,1188721.8936
1650,2025,12,faturamento,,1,,3031627.7052
1651,2025,12,faturamento,,2,,2707026.3828
1652,2025,12,faturamento,,3,,966510.468
1653,2025,12,faturamento,,,1,4808261.6172
1654,2025,12,faturamento,,,2,470083.932
1655,2025,12,faturamento,,,3,670617.7812
1656,2025,12,faturamento,,,4,152887.0572
1657,2025,12,faturamento,,,5,615412.8468
1658,2025,12,faturamento,,,6,109232.712
1659,2025,12,faturamento,,,7,55184.6196
1660,2025,12,faturamento,,,8,97230.6828
1661,2025,12,ticket_medio,,,,2429.6126
1662,2025,12,ticket_medio,,1,,2337.3279
1663,2025,12,ticket_medio,,2,,2538.5458
1664,2025,12,ticket_medio,,3,,2438.5307
1665,2025,12,taxa_recompra,,,,0.6429
1666,2025,12,taxa_recompra,1,,,0.6393
1667,2025,12,taxa_recompra,2,,,0.6437
1668,2025,12,taxa_recompra,3,,,0.6015
1669,2025,12,taxa_recompra,4,,,0.6369
1670,2025,12,taxa_recompra,5,,,0.6801
1671,2025,12,taxa_conversao,,,,0.03
1672,2025,12,taxa_conversao,,1,,0.03
1673,2025,12,taxa_conversao,,2,,0.024
1674,2025,12,taxa_conversao,,3,,0.13
1675,2026,1,faturamento,,,,3924337.2912
1676,2026,1,faturamento,1,,,274740.0768
1677,2026,1,faturamento,2,,,783814.1472
1678,2026,1,faturamento,3,,,367746.4152
1679,2026,1,faturamento,4,,,1808178.1956
1680,2026,1,faturamento,5,,,689858.4564
1681,2026,1,faturamento,,1,,1876608.5292
1682,2026,1,faturamento,,2,,1500682.0968
1683,2026,1,faturamento,,3,,547046.6652
1684,2026,1,faturamento,,,1,2791606.9176
1685,2026,1,faturamento,,,2,268769.1132
1686,2026,1,faturamento,,,3,411607.9692
1687,2026,1,faturamento,,,4,91739.3472
1688,2026,1,faturamento,,,5,372438.81
1689,2026,1,faturamento,,,6,63392.1012
1690,2026,1,faturamento,,,7,29227.068
1691,2026,1,faturamento,,,8,48621.9024
1692,2026,1,ticket_medio,,,,2136.2186
1693,2026,1,ticket_medio,,1,,2029.1706
1694,2026,1,ticket_medio,,2,,2181.7166
1695,2026,1,ticket_medio,,3,,2437.9459
1696,2026,1,taxa_recompra,,,,0.6343
1697,2026,1,taxa_recompra,1,,,0.6125
1698,2026,1,taxa_recompra,2,,,0.6584
1699,2026,1,taxa_recompra,3,,,0.6444
1700,2026,1,taxa_recompra,4,,,0.6351
1701,2026,1,taxa_recompra,5,,,0.6097
1702,2026,1,taxa_conversao,,,,0.03
1703,2026,1,taxa_conversao,,1,,0.03
1704,2026,1,taxa_conversao,,2,,0.024
1705,2026,1,taxa_conversao,,3,,0.13
1706,2026,2,faturamento,,,,3373287.12
1707,2026,2,faturamento,1,,,297674.1144
1708,2026,2,faturamento,2,,,690659.3844
1709,2026,2,faturamento,3,,,304165.7244
1710,2026,2,faturamento,4,,,1521875.574
1711,2026,2,faturamento,5,,,558912.3228
1712,2026,2,faturamento,,1,,1631456.8236
1713,2026,2,faturamento,,2,,1341905.6916
1714,2026,2,faturamento,,3,,399924.6048
1715,2026,2,faturamento,,,1,2366349.0984
1716,2026,2,faturamento,,,2,242376.0624
1717,2026,2,faturamento,,,3,312484.4676
1718,2026,2,faturamento,,,4,79443.2232
1719,2026,2,faturamento,,,5,388855.836
1720,2026,2,faturamento,,,6,47618.334
1721,2026,2,faturamento,,,7,30199.986
1722,2026,2,faturamento,,,8,39809.4588
1723,2026,2,ticket_medio,,,,2076.8989
1724,2026,2,ticket_medio,,1,,2146.1054
1725,2026,2,ticket_medio,,2,,2067.4967
1726,2026,2,ticket_medio,,3,,1860.5345
1727,2026,2,taxa_recompra,,,,0.6454
1728,2026,2,taxa_recompra,1,,,0.6616
1729,2026,2,taxa_recompra,2,,,0.639
1730,2026,2,taxa_recompra,3,,,0.6586
1731,2026,2,taxa_recompra,4,,,0.6601
1732,2026,2,taxa_recompra,5,,,0.5995
1733,2026,2,taxa_conversao,,,,0.03
1734,2026,2,taxa_conversao,,1,,0.03
1735,2026,2,taxa_conversao,,2,,0.024
1736,2026,2,taxa_conversao,,3,,0.13
1737,2026,3,faturamento,,,,4046220.702
1738,2026,3,faturamento,1,,,335786.5908
1739,2026,3,faturamento,2,,,759965.1444
1740,2026,3,faturamento,3,,,374696.334
1741,2026,3,faturamento,4,,,1828206.4608
1742,2026,3,faturamento,5,,,747566.172
1743,2026,3,faturamento,,1,,2132338.3812
1744,2026,3,faturamento,,2,,1479494.2572
1745,2026,3,faturamento,,3,,434388.0636
1746,2026,3,faturamento,,,1,2880019.4004
1747,2026,3,faturamento,,,2,288176.4216
1748,2026,3,faturamento,,,3,410779.3824
1749,2026,3,faturamento,,,4,96623.8308
1750,2026,3,faturamento,,,5,396100.2816
1751,2026,3,faturamento,,,6,62032.9536
1752,2026,3,faturamento,,,7,27597.2184
1753,2026,3,faturamento,,,8,49099.3704
1754,2026,3,ticket_medio,,,,2038.508
1755,2026,3,ticket_medio,,1,,2133.9129
1756,2026,3,ticket_medio,,2,,2015.7131
1757,2026,3,ticket_medio,,3,,1726.1563
1758,2026,3,taxa_recompra,,,,0.6531
1759,2026,3,taxa_recompra,1,,,0.6918
1760,2026,3,taxa_recompra,2,,,0.623
1761,2026,3,taxa_recompra,3,,,0.6239
1762,2026,3,taxa_recompra,4,,,0.6565
1763,2026,3,taxa_recompra,5,,,0.6742
1764,2026,3,taxa_conversao,,,,0.03
1765,2026,3,taxa_conversao,,1,,0.03
1766,2026,3,taxa_conversao,,2,,0.024
1767,2026,3,taxa_conversao,,3,,0.13
1768,2026,4,faturamento,,,,4230294.174
1769,2026,4,faturamento,1,,,356883.3108
1770,2026,4,faturamento,2,,,811550.8476
1771,2026,4,faturamento,3,,,381184.272
1772,2026,4,faturamento,4,,,1879019.8452
1773,2026,4,faturamento,5,,,801655.8984
1774,2026,4,faturamento,,1,,2140461.8604
1775,2026,4,faturamento,,2,,1524333.5352
1776,2026,4,faturamento,,3,,565498.7784
1777,2026,4,faturamento,,,1,2913317.604
1778,2026,4,faturamento,,,2,322934.6124
1779,2026,4,faturamento,,,3,374737.968
1780,2026,4,faturamento,,,4,115855.3368
1781,2026,4,faturamento,,,5,503938.9728
1782,2026,4,faturamento,,,6,65533.374
1783,2026,4,faturamento,,,7,32397.9264
1784,2026,4,faturamento,,,8,68343.9336
1785,2026,4,ticket_medio,,,,1997.2511
1786,2026,4,ticket_medio,,1,,2023.158
1787,2026,4,ticket_medio,,2,,1861.4117
1788,2026,4,ticket_medio,,3,,2344.8621
1789,2026,4,taxa_recompra,,,,0.6488
1790,2026,4,taxa_recompra,1,,,0.6287
1791,2026,4,taxa_recompra,2,,,0.7016
1792,2026,4,taxa_recompra,3,,,0.7068
1793,2026,4,taxa_recompra,4,,,0.6212
1794,2026,4,taxa_recompra,5,,,0.6366
1795,2026,4,taxa_conversao,,,,0.03
1796,2026,4,taxa_conversao,,1,,0.03
1797,2026,4,taxa_conversao,,2,,0.024
1798,2026,4,taxa_conversao,,3,,0.13
1799,2026,5,faturamento,,,,4793054.8824
1800,2026,5,faturamento,1,,,357275.2104
1801,2026,5,faturamento,2,,,954299.7288
1802,2026,5,faturamento,3,,,474051.5388
1803,2026,5,faturamento,4,,,2085429.8448
1804,2026,5,faturamento,5,,,921998.5596
1805,2026,5,faturamento,,1,,2255287.968
1806,2026,5,faturamento,,2,,1955442.0492
1807,2026,5,faturamento,,3,,582324.8652
1808,2026,5,faturamento,,,1,3396507.6924
1809,2026,5,faturamento,,,2,355799.6928
1810,2026,5,faturamento,,,3,463935.0492
1811,2026,5,faturamento,,,4,121100.6592
1812,2026,5,faturamento,,,5,461379.6288
1813,2026,5,faturamento,,,6,70190.0208
1814,2026,5,faturamento,,,7,39232.836
1815,2026,5,faturamento,,,8,73906.992
1816,2026,5,ticket_medio,,,,2093.9781
1817,2026,5,ticket_medio,,1,,2068.1505
1818,2026,5,ticket_medio,,2,,2141.1163
1819,2026,5,ticket_medio,,3,,2041.7845
1820,2026,5,taxa_recompra,,,,0.6458
1821,2026,5,taxa_recompra,1,,,0.6457
1822,2026,5,taxa_recompra,2,,,0.6663
1823,2026,5,taxa_recompra,3,,,0.659
1824,2026,5,taxa_recompra,4,,,0.6277
1825,2026,5,taxa_recompra,5,,,0.6625
1826,2026,5,taxa_conversao,,,,0.03
1827,2026,5,taxa_conversao,,1,,0.03
1828,2026,5,taxa_conversao,,2,,0.024
1829,2026,5,taxa_conversao,,3,,0.13
1830,2026,6,faturamento,,,,4337320.8672
1831,2026,6,faturamento,1,,,408881.5632
1832,2026,6,faturamento,2,,,820370.538
1833,2026,6,faturamento,3,,,421012.134
1834,2026,6,faturamento,4,,,1959765.732
1835,2026,6,faturamento,5,,,727290.9
1836,2026,6,faturamento,,1,,2117200.5072
1837,2026,6,faturamento,,2,,1758547.044
1838,2026,6,faturamento,,3,,461573.316
1839,2026,6,faturamento,,,1,3228486.8652
1840,2026,6,faturamento,,,2,298394.2692
1841,2026,6,faturamento,,,3,396178.02
1842,2026,6,faturamento,,,4,84042.1872
1843,2026,6,faturamento,,,5,373826.7396
1844,2026,6,faturamento,,,6,63220.8132
1845,2026,6,faturamento,,,7,28769.31
1846,2026,6,faturamento,,,8,48390.5232
1847,2026,6,ticket_medio,,,,2169.1237
1848,2026,6,ticket_medio,,1,,2150.3535
1849,2026,6,ticket_medio,,2,,2300.5937
1850,2026,6,ticket_medio,,3,,1841.8585
1851,2026,6,taxa_recompra,,,,0.6626
1852,2026,6,taxa_recompra,1,,,0.6562
1853,2026,6,taxa_recompra,2,,,0.6581
1854,2026,6,taxa_recompra,3,,,0.5993
1855,2026,6,taxa_recompra,4,,,0.6806
1856,2026,6,taxa_recompra,5,,,0.6636
1857,2026,6,taxa_conversao,,,,0.03
1858,2026,6,taxa_conversao,,1,,0.03
1859,2026,6,taxa_conversao,,2,,0.024
1860,2026,6,taxa_conversao,,3,,0.13
